2026-08-20 19:36:01;raphael;19.7;7.3;10.7;80.5;35.4;3813208064;7540523008;0;0;60.6;144091058176;93491159040
2026-08-20 19:36:04;raphael;21.0;11.6;11.0;75.5;35.3;3805859840;7565524992;0;0;60.6;144091062272;93491154944
2026-08-20 19:36:32;raphael;21.1;7.9;10.6;79.6;32.8;3443793920;7960879104;0;0;60.6;144091156480;93491060736
2026-08-20 19:36:35;raphael;19.6;6.8;10.1;81.7;32.8;3444895744;7959244800;0;0;60.6;144091156480;93491060736
2026-08-20 19:36:38;raphael;20.5;9.3;10.7;78.4;33.2;3450826752;7897915392;0;0;60.6;144091160576;93491056640
2026-08-20 19:36:41;raphael;20.0;9.6;10.7;78.0;33.2;3456286720;7900909568;0;0;60.6;144091172864;93491044352
2026-08-20 19:36:44;raphael;20.1;10.8;10.5;77.0;33.1;3453812736;7913086976;0;0;60.6;144091172864;93491044352
2026-08-20 19:36:47;raphael;20.2;10.0;10.8;77.3;33.0;3461509120;7924850688;0;0;60.6;144091176960;93491040256
2026-08-20 19:36:50;raphael;21.1;10.4;10.6;77.2;32.9;3464908800;7941967872;0;0;60.6;144091181056;93491036160
2026-08-20 19:36:53;raphael;25.0;9.6;10.8;78.0;33.0;3487584256;7930466304;0;0;60.6;144091193344;93491023872
2026-08-20 19:36:56;raphael;19.5;7.7;10.4;80.4;32.9;3486498816;7943962624;0;0;60.6;144091201536;93491015680
2026-08-20 19:36:59;raphael;26.2;8.8;10.5;79.2;33.9;3640553472;7784935424;0;0;60.6;144091201536;93491015680
2026-08-20 19:37:02;raphael;20.7;8.8;10.5;79.2;33.9;3645571072;7790661632;0;0;60.6;144091205632;93491011584
2026-08-20 19:37:05;raphael;22.4;8.4;10.6;79.3;34.0;3649380352;7771561984;0;0;60.6;144091205632;93491011584
2026-08-20 19:37:08;raphael;20.2;10.8;10.6;77.0;34.2;3623837696;7737659392;0;0;60.6;144091205632;93491011584
2026-08-20 19:37:11;raphael;23.0;7.8;10.3;80.5;34.2;3640004608;7727280128;0;0;60.6;144091217920;93490999296
2026-08-20 19:37:14;raphael;18.7;7.4;10.4;80.8;33.9;3615145984;7779393536;0;0;60.6;144091213824;93491003392
2026-08-20 19:37:17;raphael;21.7;9.3;10.6;78.6;33.9;3623735296;7784669184;0;0;60.6;144091217920;93490999296
2026-08-20 19:37:20;raphael;24.4;9.4;10.5;78.3;33.6;3582115840;7828160512;0;0;60.6;144091230208;93490987008
2026-08-20 19:37:23;raphael;20.9;9.8;11.0;77.5;33.6;3584720896;7838425088;0;0;60.6;144091209728;93491007488
2026-08-20 19:37:26;raphael;16.5;8.1;10.5;80.0;33.5;3565924352;7834181632;0;0;60.6;144091013120;93491204096
2026-08-20 19:37:29;raphael;20.9;8.9;10.6;79.0;33.0;3502866432;7904751616;0;0;60.6;144091013120;93491204096
2026-08-20 19:37:32;raphael;18.0;7.6;11.0;79.8;32.9;3500765184;7918583808;0;0;60.6;144091013120;93491204096
2026-08-20 19:37:35;raphael;18.9;7.1;10.4;81.1;33.1;3500654592;7892004864;0;0;60.6;144091013120;93491204096
2026-08-20 19:37:38;raphael;18.9;7.9;10.2;80.3;32.9;3500560384;7920869376;0;0;60.6;144091013120;93491204096
2026-08-20 19:37:41;raphael;19.4;9.6;10.5;78.4;32.7;3471618048;7953338368;0;0;60.6;144091066368;93491150848
2026-08-20 19:37:44;raphael;22.1;8.7;10.6;79.1;32.8;3483762688;7943176192;0;0;60.6;144091066368;93491150848
2026-08-20 19:37:47;raphael;18.7;6.6;10.1;81.9;32.8;3486380032;7943815168;0;0;60.6;144091066368;93491150848
2026-08-20 19:37:50;raphael;20.1;6.4;10.3;82.0;33.1;3477700608;7895384064;0;0;60.6;144091066368;93491150848
2026-08-20 19:37:53;raphael;17.7;6.6;10.3;81.8;33.1;3480989696;7895666688;0;0;60.6;144091070464;93491146752
2026-08-20 19:37:56;raphael;17.3;5.7;10.2;82.8;32.9;3478306816;7923847168;0;0;60.6;144091070464;93491146752
2026-08-20 19:37:59;raphael;17.4;6.0;10.3;82.4;32.8;3477311488;7946420224;0;0;60.6;144091070464;93491146752
2026-08-20 19:38:02;raphael;17.7;6.2;10.1;82.3;32.7;3477991424;7949299712;0;0;60.6;144091070464;93491146752
2026-08-20 19:38:05;raphael;17.5;6.9;10.3;81.4;32.8;3478147072;7941681152;0;0;60.6;144091033600;93491183616
2026-08-20 19:38:08;raphael;17.5;6.1;10.1;82.5;33.0;3477999616;7906910208;0;0;60.6;144091033600;93491183616
2026-08-20 19:38:11;raphael;17.5;6.1;10.1;81.9;33.0;3478859776;7913324544;0;0;60.6;144091017216;93491200000
2026-08-20 19:38:14;raphael;17.8;6.2;10.0;82.3;32.8;3476738048;7942320128;0;0;60.6;144091017216;93491200000
2026-08-20 19:38:17;raphael;17.8;6.1;10.3;82.2;32.7;3478216704;7954665472;0;0;60.6;144091021312;93491195904
2026-08-20 19:38:20;raphael;18.0;6.1;10.4;82.1;33.0;3478704128;7901413376;0;0;60.6;144091025408;93491191808
2026-08-20 19:38:23;raphael;18.7;6.8;10.1;81.6;32.9;3477921792;7928430592;0;0;60.6;144091025408;93491191808
2026-08-20 19:38:26;raphael;20.5;11.1;17.9;69.2;33.0;3482910720;7911227392;0;0;60.6;144091029504;93491187712
2026-08-20 20:17:56;raphael;29.4;15.2;17.6;64.8;33.1;3491532800;7897812992;0;0;60.6;144091000832;93491216384
2026-08-20 20:17:59;raphael;26.7;10.0;15.2;73.1;32.9;3483168768;7916187648;0;0;60.6;144091000832;93491216384
2026-08-20 20:18:02;raphael;34.9;17.6;18.5;61.5;34.7;3728588800;7633657856;0;0;60.6;144088694784;93493522432
2026-08-20 20:18:05;raphael;33.9;11.1;15.4;71.6;34.4;3645779968;7689195520;0;0;60.6;144088915968;93493301248
2026-08-20 20:18:08;raphael;28.4;11.3;15.5;71.5;34.2;3645587456;7710502912;0;0;60.6;144088920064;93493297152
2026-08-20 20:18:11;raphael;28.6;11.4;15.5;71.4;34.2;3650297856;7714918400;0;0;60.6;144088920064;93493297152
2026-08-20 20:18:14;raphael;20.4;10.2;14.8;73.3;34.2;3656568832;7702605824;0;0;60.6;144088670208;93493547008
2026-08-20 20:18:17;raphael;26.8;10.1;15.1;73.2;34.1;3657449472;7707955200;0;0;60.6;144088670208;93493547008
2026-08-20 20:18:20;raphael;26.3;10.0;15.3;73.0;34.5;3658502144;7643717632;0;0;60.6;144088670208;93493547008
2026-08-20 20:18:23;raphael;26.6;10.4;14.8;73.1;34.5;3660980224;7643881472;0;0;60.6;144088670208;93493547008
2026-08-20 20:18:26;raphael;28.0;11.0;14.6;72.7;34.4;3656019968;7671336960;0;0;60.6;144088670208;93493547008
2026-08-20 20:18:29;raphael;26.9;10.7;15.4;72.2;34.5;3657498624;7643602944;0;0;60.6;144088670208;93493547008
2026-08-20 20:18:32;raphael;28.4;10.9;15.6;71.5;34.3;3648081920;7675338752;0;0;60.6;144088690688;93493526528
2026-08-20 20:18:35;raphael;28.8;11.0;15.5;71.8;34.0;3610136576;7729709056;0;0;60.6;144088702976;93493514240
2026-08-20 20:18:38;raphael;28.3;11.4;15.3;71.6;33.9;3611770880;7743975424;0;0;60.6;144088702976;93493514240
2026-08-20 20:18:41;raphael;22.7;9.1;14.6;74.6;33.8;3625521152;7738556416;0;0;60.6;144088514560;93493702656
2026-08-20 20:18:44;raphael;26.8;10.0;14.8;73.7;33.7;3613847552;7763091456;0;0;60.6;144088514560;93493702656
2026-08-20 20:18:47;raphael;28.0;10.8;15.1;72.3;33.9;3622105088;7729610752;0;0;60.6;144088514560;93493702656
2026-08-20 20:18:50;raphael;27.0;11.8;16.7;69.7;34.1;3622907904;7697117184;0;0;60.6;144088514560;93493702656
2026-08-20 20:18:53;raphael;26.7;10.7;14.9;72.8;34.2;3632984064;7680102400;0;0;60.6;144088514560;93493702656
2026-08-20 20:18:56;raphael;28.7;10.4;14.6;72.9;34.1;3633975296;7686569984;0;0;60.6;144088514560;93493702656
2026-08-20 20:18:59;raphael;27.2;10.9;15.0;72.4;34.2;3637248000;7672971264;0;0;60.6;144088514560;93493702656
2026-08-20 20:19:02;raphael;27.9;10.9;15.1;72.4;33.5;3555639296;7794823168;0;0;60.6;144088514560;93493702656
2026-08-20 20:19:05;raphael;29.0;11.2;15.7;71.3;33.5;3555950592;7795572736;0;0;60.6;144088506368;93493710848
2026-08-20 20:19:08;raphael;28.2;7.9;12.2;76.5;33.5;3561930752;7772860416;0;0;60.6;144088322048;93493895168
2026-08-20 20:19:11;raphael;26.4;9.9;15.1;73.5;33.6;3562020864;7752110080;0;0;60.6;144088322048;93493895168
2026-08-20 20:19:14;raphael;26.3;10.3;14.8;73.1;33.6;3563114496;7761195008;0;0;60.6;144088322048;93493895168
2026-08-20 20:19:17;raphael;27.9;10.5;15.1;72.7;33.6;3560894464;7752089600;0;0;60.6;144088322048;93493895168
2026-08-20 20:19:20;raphael;27.1;11.2;15.1;71.9;33.4;3562041344;7782359040;0;0;60.6;144088322048;93493895168
2026-08-20 20:19:23;raphael;27.6;10.9;14.9;72.5;33.5;3561353216;7767838720;0;0;60.6;144088322048;93493895168
2026-08-20 20:19:26;raphael;28.1;11.6;14.5;72.3;33.4;3563974656;7785381888;0;0;60.6;144088322048;93493895168
2026-08-20 20:19:29;raphael;28.2;11.3;14.8;72.3;33.7;3565166592;7737507840;0;0;60.6;144088322048;93493895168
2026-08-20 20:19:32;raphael;26.3;9.8;15.0;73.5;33.5;3575115776;7760830464;0;0;60.6;144088133632;93494083584
2026-08-20 20:19:35;raphael;26.8;10.1;14.8;73.6;33.3;3574775808;7782526976;0;0;60.6;144088133632;93494083584
2026-08-20 20:19:38;raphael;27.0;10.1;15.3;73.0;33.9;3574272000;7696158720;0;0;60.6;144088137728;93494079488
2026-08-20 20:19:41;raphael;27.1;11.0;15.5;71.7;33.7;3573305344;7720423424;0;0;60.6;144088100864;93494116352
2026-08-20 20:19:44;raphael;29.6;10.9;15.0;72.6;33.4;3564417024;7774728192;0;0;60.6;144088100864;93494116352
2026-08-20 20:19:47;raphael;28.3;10.5;15.2;72.6;33.5;3566600192;7752097792;0;0;60.6;144088137728;93494079488
2026-08-20 20:19:50;raphael;28.1;10.9;15.3;72.0;33.4;3574042624;7771820032;0;0;60.6;144088100864;93494116352
2026-08-20 20:19:53;raphael;31.1;14.1;15.4;68.6;33.6;3603558400;7731269632;0;0;60.6;144088166400;93494050816
2026-08-20 20:19:56;raphael;29.9;14.0;16.4;67.6;33.0;3566116864;7817879552;0;0;60.6;144088068096;93494149120
2026-08-20 20:19:59;raphael;28.1;10.8;14.9;72.6;33.4;3577733120;7749062656;0;0;60.6;144088911872;93493305344
2026-08-20 20:20:02;raphael;28.1;13.5;16.0;68.5;33.8;3601907712;7691235328;0;0;60.6;144089255936;93492961280
2026-08-20 20:20:05;raphael;27.5;10.9;15.6;71.7;33.6;3597578240;7716052992;0;0;60.6;144089260032;93492957184
2026-08-20 20:20:08;raphael;25.7;9.7;14.9;73.9;33.6;3614441472;7718744064;0;0;60.6;144089264128;93492953088
2026-08-20 20:20:11;raphael;25.6;10.4;15.4;72.7;33.5;3619090432;7732064256;0;0;60.6;144089260032;93492957184
2026-08-20 20:20:14;raphael;31.1;11.3;15.3;71.7;34.0;3666300928;7659331584;0;0;60.6;144089227264;93492989952
2026-08-20 20:20:17;raphael;29.4;18.4;17.7;61.9;34.9;3752267776;7513497600;0;0;60.6;144089227264;93492989952
2026-08-20 20:20:20;raphael;29.4;12.3;15.7;70.2;35.0;3757608960;7484567552;0;0;60.6;144089251840;93492965376
2026-08-20 20:20:23;raphael;23.0;10.2;15.4;72.7;34.6;3770662912;7536545792;0;0;60.6;144089038848;93493178368
2026-08-20 20:20:26;raphael;29.3;10.9;15.0;72.3;34.5;3783168000;7553822720;0;0;60.6;144089038848;93493178368
2026-08-20 20:20:29;raphael;31.3;10.6;15.8;71.7;34.5;3796910080;7554727936;0;0;60.6;144089038848;93493178368
2026-08-20 20:20:32;raphael;27.7;11.0;15.5;71.7;34.7;3810287616;7527006208;0;0;60.6;144089042944;93493174272
2026-08-20 20:20:35;raphael;27.8;9.8;14.9;73.7;34.8;3838373888;7504109568;0;0;60.6;144089059328;93493157888
2026-08-20 20:20:38;raphael;26.4;9.8;14.5;74.1;34.9;3841028096;7489409024;0;0;60.6;144089059328;93493157888
2026-08-20 20:20:41;raphael;27.2;10.3;15.0;73.1;35.0;3851948032;7468298240;0;0;60.6;144089059328;93493157888
2026-08-20 20:20:44;raphael;27.3;11.0;14.4;73.0;35.2;3868782592;7433932800;0;0;60.6;144089059328;93493157888
2026-08-20 20:20:47;raphael;25.7;9.1;15.1;74.3;35.3;3890978816;7406379008;0;0;60.6;144092647424;93489569792
2026-08-20 20:20:50;raphael;26.3;10.6;15.6;72.0;34.9;3817123840;7475884032;0;0;60.6;144092684288;93489532928
2026-08-20 20:20:53;raphael;26.6;18.4;17.2;62.4;34.1;3707826176;7607853056;0;0;60.6;144092684288;93489532928
2026-08-20 20:20:56;raphael;37.6;13.9;15.4;68.7;34.6;3765825536;7522201600;0;0;60.6;144092336128;93489881088
2026-08-20 20:20:59;raphael;38.0;11.7;15.4;71.1;34.8;3748245504;7493656576;0;0;60.6;144092844032;93489373184
2026-08-20 20:21:02;raphael;32.5;15.1;15.9;67.1;34.0;3628466176;7617015808;0;0;60.6;144092991488;93489225728
2026-08-20 20:21:05;raphael;31.7;16.9;15.7;65.1;34.0;3652493312;7615336448;0;0;60.6;144093073408;93489143808
2026-08-20 20:21:08;raphael;34.0;9.1;11.9;76.4;33.9;3677761536;7620755456;0;0;60.6;144092901376;93489315840
2026-08-20 20:21:11;raphael;27.4;11.4;14.7;72.2;34.0;3672526848;7601987584;0;0;60.6;144092901376;93489315840
2026-08-20 20:21:14;raphael;29.1;11.3;15.1;72.0;33.9;3676008448;7608696832;0;0;60.6;144092905472;93489311744
2026-08-20 20:21:17;raphael;28.4;11.4;15.2;71.6;33.9;3676798976;7621734400;0;0;60.6;144092844032;93489373184
2026-08-20 20:21:20;raphael;29.7;9.8;14.9;73.7;34.1;3690729472;7582777344;0;0;60.6;144092852224;93489364992
2026-08-20 20:21:23;raphael;29.6;11.9;15.4;70.9;33.8;3672375296;7632601088;0;0;60.6;144092860416;93489356800
2026-08-20 20:21:26;raphael;32.6;11.2;14.9;72.2;33.7;3673194496;7648178176;0;0;60.6;144092860416;93489356800
2026-08-20 20:21:29;raphael;29.4;15.1;17.2;65.7;34.8;3850874880;7465639936;0;0;60.6;144093110272;93489106944
2026-08-20 20:21:32;raphael;32.8;24.2;19.2;53.6;37.3;4178440192;7069286400;0;0;60.6;144093134848;93489082368
2026-08-20 20:21:35;raphael;25.4;11.7;16.3;70.1;36.5;4064714752;7173115904;0;0;60.6;144092954624;93489262592
2026-08-20 20:21:38;raphael;29.1;11.8;15.3;70.9;36.4;4061827072;7196393472;0;0;60.6;144092954624;93489262592
2026-08-20 20:21:41;raphael;29.4;11.8;15.8;70.5;36.4;4052553728;7192686592;0;0;60.6;144092872704;93489344512
2026-08-20 20:21:44;raphael;29.5;12.1;15.7;70.2;36.2;4052025344;7221764096;0;0;60.6;144092872704;93489344512
2026-08-20 20:21:47;raphael;29.6;12.1;15.9;70.1;36.7;4050116608;7151239168;0;0;60.6;144092872704;93489344512
2026-08-20 20:21:50;raphael;29.9;12.5;15.4;70.1;36.9;4050804736;7117119488;0;0;60.6;144092872704;93489344512
2026-08-20 20:21:53;raphael;30.7;19.1;16.3;62.5;37.2;4133527552;7060639744;0;0;60.6;144092893184;93489324032
2026-08-20 20:21:56;raphael;42.6;12.1;15.3;70.8;37.1;4127219712;7092174848;0;0;60.6;144090288128;93491929088
2026-08-20 20:21:59;raphael;29.9;7.9;11.9;77.7;36.9;4134539264;7097380864;0;0;60.6;144090075136;93492142080
2026-08-20 20:22:02;raphael;30.6;18.8;16.4;62.6;37.2;4170129408;7052414976;0;0;60.6;144090099712;93492117504
2026-08-20 20:22:05;raphael;29.5;11.9;15.2;70.9;36.9;4172779520;7095271424;0;0;60.6;144090050560;93492166656
2026-08-20 20:22:08;raphael;32.5;15.8;15.9;66.4;36.9;4175212544;7102967808;0;0;60.6;144090038272;93492178944
2026-08-20 20:22:11;raphael;29.1;12.1;15.4;70.8;36.6;4174909440;7143653376;0;0;60.6;144090034176;93492183040
2026-08-20 20:22:14;raphael;29.0;19.2;18.1;60.6;39.2;4574539776;6728564736;0;0;60.6;144090136576;93492080640
2026-08-20 20:22:17;raphael;30.9;12.6;16.0;69.4;39.4;4553486336;6698156032;0;0;60.6;144090042368;93492174848
2026-08-20 20:22:20;raphael;31.1;13.3;15.8;69.1;39.1;4551282688;6742351872;0;0;60.6;144090042368;93492174848
2026-08-20 20:22:23;raphael;30.8;13.5;16.4;68.3;39.4;4551892992;6690344960;0;0;60.6;144090005504;93492211712
2026-08-20 20:22:26;raphael;30.3;9.7;12.9;75.0;39.1;4559212544;6732271616;0;0;60.6;144089743360;93492473856
2026-08-20 20:22:29;raphael;28.9;11.6;15.7;70.9;36.3;4110446592;7177089024;0;0;60.6;144089743360;93492473856
2026-08-20 20:22:32;raphael;29.9;11.9;15.7;70.7;36.4;4108935168;7164297216;0;0;60.6;144089743360;93492473856
2026-08-20 20:22:35;raphael;28.4;10.3;15.6;72.6;36.4;4104941568;7171821568;0;0;60.6;144089735168;93492482048
2026-08-20 20:22:38;raphael;28.9;9.5;14.7;74.1;36.6;4110712832;7132450816;0;0;60.6;144089735168;93492482048
2026-08-20 20:22:41;raphael;26.8;9.5;15.1;73.7;36.6;4111093760;7143067648;0;0;60.6;144089735168;93492482048
2026-08-20 20:22:44;raphael;26.3;10.0;14.6;73.8;36.5;4111990784;7156125696;0;0;60.6;144089735168;93492482048
2026-08-20 20:22:47;raphael;27.0;10.7;15.4;72.2;36.5;4110872576;7152959488;0;0;60.6;144089735168;93492482048
2026-08-20 20:22:50;raphael;27.2;8.6;11.7;77.1;36.2;4119429120;7179509760;0;0;60.6;144089559040;93492658176
2026-08-20 20:22:53;raphael;25.7;13.5;17.6;66.8;36.7;4167532544;7110320128;0;0;60.6;144089567232;93492649984
2026-08-20 20:22:56;raphael;25.6;9.3;14.6;74.5;36.6;4163960832;7118286848;0;0;60.6;144089567232;93492649984
2026-08-20 20:22:59;raphael;25.6;9.8;15.4;73.0;37.0;4165160960;7063719936;0;0;60.6;144089575424;93492641792
2026-08-20 20:23:02;raphael;27.6;11.8;15.1;71.2;36.7;4157939712;7101763584;0;0;60.6;144089575424;93492641792
2026-08-20 20:23:05;raphael;29.2;10.4;15.6;72.2;36.5;4117569536;7135404032;0;0;60.6;144089583616;93492633600
2026-08-20 20:23:08;raphael;30.1;12.5;16.0;69.7;36.6;4117385216;7121494016;0;0;60.6;144089620480;93492596736
2026-08-20 20:23:11;raphael;30.1;12.6;15.8;69.8;36.8;4118581248;7094566912;0;0;60.6;144089620480;93492596736
2026-08-20 20:23:14;raphael;30.9;14.1;15.6;68.4;36.5;4115484672;7140274176;0;0;60.6;144089620480;93492596736
2026-08-20 20:23:17;raphael;30.5;8.6;12.2;75.0;36.5;4122537984;7118368768;0;0;60.6;144089391104;93492826112
2026-08-20 20:23:20;raphael;40.6;13.6;16.8;67.6;39.3;4503601152;6673424384;0;0;60.6;144089456640;93492760576
2026-08-20 20:23:23;raphael;29.3;11.5;15.8;70.8;39.2;4505886720;6677217280;0;0;60.6;144089460736;93492756480
2026-08-20 20:23:26;raphael;47.3;24.0;16.7;57.2;36.6;4145778688;7100715008;0;0;60.6;144090857472;93491359744
2026-08-20 20:23:29;raphael;31.5;21.9;16.8;59.0;36.9;4194537472;7051497472;0;0;60.6;144090734592;93491482624
2026-08-20 20:23:32;raphael;33.9;19.9;15.8;62.2;37.1;4239806464;7026520064;0;0;60.6;144090746880;93491470336
2026-08-20 20:23:35;raphael;37.0;20.3;15.5;62.1;37.2;4273405952;7004233728;0;0;60.6;144090714112;93491503104
2026-08-20 20:23:38;raphael;35.9;18.8;16.0;63.0;37.5;4287078400;6961762304;0;0;60.6;144090718208;93491499008
2026-08-20 20:23:41;raphael;36.9;25.4;18.1;54.0;38.1;4326543360;6860713984;0;0;60.6;144090771456;93491445760
2026-08-20 20:23:44;raphael;35.4;18.3;15.6;64.1;38.3;4353667072;6820933632;0;0;60.6;144090771456;93491445760
2026-08-20 20:23:47;raphael;34.3;16.2;15.7;66.1;38.6;4381876224;6767996928;0;0;60.6;144090509312;93491707904
2026-08-20 20:23:50;raphael;34.3;16.6;15.9;65.6;38.4;4409036800;6792437760;0;0;60.6;144090509312;93491707904
2026-08-20 20:23:53;raphael;34.8;16.2;15.9;66.0;38.5;4427878400;6788399104;0;0;60.6;144090505216;93491712000
2026-08-20 20:23:56;raphael;34.4;17.1;15.5;65.3;38.6;4448821248;6758625280;0;0;60.6;144090505216;93491712000
2026-08-20 20:23:59;raphael;41.4;21.6;16.2;60.1;39.0;4508725248;6702260224;0;0;60.6;144090996736;93491220480
2026-08-20 20:24:02;raphael;32.9;11.6;15.4;71.2;38.8;4463542272;6732476416;0;0;60.6;144091144192;93491073024
2026-08-20 20:24:05;raphael;28.0;11.2;14.9;72.2;38.6;4470292480;6760288256;0;0;60.6;144091475968;93490741248
2026-08-20 20:24:08;raphael;32.0;14.2;15.0;68.6;37.0;4196831232;7025184768;0;0;60.6;144091758592;93490458624
2026-08-20 20:24:11;raphael;29.0;10.4;15.2;72.2;36.8;4206333952;7038758912;0;0;60.6;144091574272;93490642944
2026-08-20 20:24:14;raphael;27.4;10.9;15.1;72.1;36.7;4215046144;7054532608;0;0;60.6;144091729920;93490487296
2026-08-20 20:24:17;raphael;29.0;13.1;15.5;69.4;37.0;4242821120;7012843520;0;0;60.6;144091852800;93490364416
2026-08-20 20:24:20;raphael;27.2;10.2;14.8;73.4;37.1;4261638144;6990966784;0;0;60.6;144092037120;93490180096
2026-08-20 20:24:23;raphael;29.4;11.7;16.0;70.6;38.5;4434178048;6767980544;0;0;60.6;144092463104;93489754112
2026-08-20 20:24:26;raphael;33.5;24.3;15.3;58.1;38.1;4390006784;6821130240;0;0;60.6;144092475392;93489741824
2026-08-20 20:24:29;raphael;33.7;12.7;15.2;70.1;37.9;4393959424;6854758400;0;0;60.6;144092475392;93489741824
2026-08-20 20:24:32;raphael;32.2;12.9;15.7;69.6;38.1;4399480832;6824026112;0;0;60.6;144092426240;93489790976
2026-08-20 20:24:35;raphael;44.4;27.5;15.7;54.0;39.1;4540424192;6647250944;0;0;60.7;144109375488;93472841728
2026-08-20 20:24:38;raphael;35.4;14.8;15.3;67.2;38.7;4486438912;6717755392;0;0;60.6;144092913664;93489303552
2026-08-20 20:24:41;raphael;32.1;15.5;15.7;66.6;38.7;4519735296;6722101248;0;0;60.7;144094384128;93487833088
2026-08-20 20:24:44;raphael;35.8;20.6;15.9;61.1;38.8;4538695680;6691672064;0;0;60.7;144095330304;93486886912
2026-08-20 20:24:47;raphael;37.7;15.4;15.7;66.9;38.8;4540338176;6691586048;0;0;60.7;144096051200;93486166016
2026-08-20 20:24:50;raphael;28.9;11.4;15.3;71.5;38.8;4545429504;6701977600;0;0;60.7;144097476608;93484740608
2026-08-20 20:24:53;raphael;33.1;13.8;14.8;69.3;38.7;4532649984;6712188928;0;0;60.7;144098328576;93483888640
2026-08-20 20:24:56;raphael;30.2;12.8;15.1;69.9;38.4;4543463424;6752354304;0;0;60.7;144099553280;93482663936
2026-08-20 20:24:59;raphael;33.0;19.0;16.1;62.6;38.9;4585381888;6682202112;0;0;60.7;144101285888;93480931328
2026-08-20 20:25:02;raphael;29.7;12.7;15.5;69.6;38.6;4569722880;6714204160;0;0;60.7;144102637568;93479579648
2026-08-20 20:25:05;raphael;37.9;20.0;16.0;61.8;38.6;4597424128;6713589760;0;0;60.7;144103292928;93478924288
2026-08-20 20:25:08;raphael;29.2;14.2;16.1;67.2;39.2;4648054784;6621118464;0;0;60.7;144100757504;93481459712
2026-08-20 20:25:11;raphael;38.7;15.1;15.9;67.1;40.0;4759531520;6488924160;0;0;60.7;144102514688;93479702528
2026-08-20 20:25:14;raphael;33.4;19.0;16.3;62.5;40.0;4788080640;6475251712;0;0;60.7;144104562688;93477654528
2026-08-20 20:25:17;raphael;37.7;24.7;16.1;56.6;39.3;4622950400;6597423104;0;0;60.7;144106135552;93476081664
2026-08-20 20:25:20;raphael;33.0;18.6;15.4;64.0;39.4;4610740224;6577778688;0;0;60.7;144107462656;93474754560
2026-08-20 20:25:23;raphael;31.2;12.6;15.2;70.4;38.7;4527525888;6693736448;0;0;60.7;144108752896;93473464320
2026-08-20 20:25:26;raphael;32.0;14.6;15.4;68.1;38.3;4476334080;6752215040;0;0;60.7;144108789760;93473427456
2026-08-20 20:25:29;raphael;27.6;15.1;14.9;68.0;38.0;4447322112;6778589184;0;0;60.7;144108605440;93473611776
2026-08-20 20:25:32;raphael;26.3;13.5;16.3;68.4;33.9;3790974976;7447666688;0;0;60.7;144108650496;93473566720
2026-08-20 20:25:35;raphael;31.5;10.9;15.3;72.0;33.4;3735900160;7524323328;0;0;60.7;144108695552;93473521664
2026-08-20 20:25:38;raphael;27.5;10.2;15.3;72.8;33.3;3741696000;7540273152;0;0;60.7;144108695552;93473521664
2026-08-20 20:25:41;raphael;31.8;10.0;15.4;72.9;34.1;3830370304;7413977088;0;0;60.7;144108957696;93473259520
2026-08-20 20:25:44;raphael;27.7;11.1;15.7;71.6;34.2;3856719872;7394328576;0;0;60.7;144108929024;93473288192
2026-08-20 20:25:47;raphael;34.8;20.0;16.6;61.1;34.7;3918405632;7303974912;0;0;60.7;144113590272;93468626944
2026-08-20 20:25:50;raphael;34.9;18.5;16.1;63.0;35.2;3986804736;7224819712;0;0;60.6;144091754496;93490462720
2026-08-20 20:25:53;raphael;37.3;13.8;15.5;68.6;35.5;4035760128;7171555328;0;0;60.6;144092303360;93489913856
2026-08-20 20:25:56;raphael;32.9;13.5;15.2;69.6;36.2;4153229312;7045746688;0;0;60.6;144092053504;93490163712
2026-08-20 20:25:59;raphael;29.2;10.0;15.1;73.1;36.5;4153970688;6998708224;0;0;60.6;144092008448;93490208768
2026-08-20 20:26:02;raphael;27.1;9.9;15.1;73.2;36.5;4156657664;7008464896;0;0;60.6;144091987968;93490229248
2026-08-20 20:26:05;raphael;27.7;10.6;15.0;72.5;36.2;4156219392;7049314304;0;0;60.6;144092180480;93490036736
2026-08-20 20:26:08;raphael;28.0;10.6;15.0;72.7;36.1;4161503232;7072772096;0;0;60.6;144092180480;93490036736
2026-08-20 20:26:11;raphael;29.6;11.4;15.2;71.8;36.0;4164481024;7076831232;0;0;60.6;144092180480;93490036736
2026-08-20 20:26:14;raphael;32.2;11.7;15.3;71.0;36.0;4150710272;7076347904;0;0;60.6;144092192768;93490024448
2026-08-20 20:26:17;raphael;27.3;11.9;15.1;71.3;35.9;4085993472;7097278464;0;0;60.6;144092192768;93490024448
2026-08-20 20:26:20;raphael;26.9;10.6;14.9;72.7;35.6;4094894080;7136149504;0;0;60.6;144092000256;93490216960
2026-08-20 20:26:23;raphael;28.4;14.1;14.9;69.3;35.1;4007735296;7216414720;0;0;60.6;144092008448;93490208768
2026-08-20 20:26:26;raphael;30.0;12.6;14.9;70.7;34.7;3975311360;7273078784;0;0;60.6;144092008448;93490208768
2026-08-20 20:26:29;raphael;28.8;11.4;15.1;71.9;34.8;3984515072;7265345536;0;0;60.6;144092008448;93490208768
2026-08-20 20:26:32;raphael;28.9;11.4;15.2;71.6;35.2;3987582976;7203246080;0;0;60.6;144092012544;93490204672
2026-08-20 20:26:35;raphael;27.6;15.3;15.5;67.4;35.1;3985084416;7212892160;0;0;60.6;144091992064;93490225152
2026-08-20 20:26:38;raphael;32.4;12.3;15.2;70.7;35.2;4008697856;7199526912;0;0;60.6;144091992064;93490225152
2026-08-20 20:26:41;raphael;31.1;12.9;15.5;69.6;34.7;3936079872;7275028480;0;0;60.6;144091992064;93490225152
2026-08-20 20:26:44;raphael;21.6;10.6;15.2;72.4;34.3;3941531648;7321817088;0;0;60.6;144091795456;93490421760
2026-08-20 20:26:47;raphael;27.8;9.2;15.3;73.9;34.2;3926650880;7342645248;0;0;60.6;144091795456;93490421760
2026-08-20 20:26:50;raphael;27.1;11.2;15.1;71.8;34.5;3940261888;7303364608;0;0;60.6;144091791360;93490425856
2026-08-20 20:26:53;raphael;28.3;10.4;14.7;73.2;34.8;3939745792;7246966784;0;0;60.6;144091791360;93490425856
2026-08-20 20:26:56;raphael;27.7;12.2;16.0;69.7;34.8;3939840000;7248728064;0;0;60.6;144091791360;93490425856
2026-08-20 20:26:59;raphael;28.0;11.0;15.1;72.1;34.7;3942203392;7259856896;0;0;60.6;144091840512;93490376704
2026-08-20 20:27:02;raphael;26.8;11.1;15.5;71.7;34.5;3936997376;7292375040;0;0;60.6;144091840512;93490376704
2026-08-20 20:27:05;raphael;29.1;11.9;15.6;70.6;34.5;3937120256;7298281472;0;0;60.6;144091856896;93490360320
2026-08-20 20:27:08;raphael;20.1;9.2;14.8;74.2;34.6;3941294080;7273447424;0;0;60.6;144091684864;93490532352
2026-08-20 20:27:11;raphael;29.1;10.6;14.7;73.1;34.4;3932590080;7300894720;0;0;60.6;144091688960;93490528256
2026-08-20 20:27:14;raphael;29.4;11.6;15.7;70.3;34.3;3928363008;7316602880;0;0;60.6;144091955200;93490262016
2026-08-20 20:27:17;raphael;29.7;9.6;14.9;73.7;34.6;3932368896;7270809600;0;0;60.6;144091693056;93490524160
2026-08-20 20:27:20;raphael;27.4;10.4;15.1;72.9;34.4;3930230784;7296319488;0;0;60.6;144091656192;93490561024
2026-08-20 20:27:23;raphael;28.6;12.7;15.9;69.5;34.3;3907551232;7321681920;0;0;60.6;144091656192;93490561024
2026-08-20 20:27:26;raphael;26.9;13.2;15.1;69.8;34.2;3908308992;7330381824;0;0;60.6;144091660288;93490556928
2026-08-20 20:27:29;raphael;31.8;14.5;15.5;68.2;34.4;3922280448;7302049792;0;0;60.6;144091660288;93490556928
2026-08-20 20:27:32;raphael;21.2;12.8;15.1;70.4;34.2;3931557888;7322607616;0;0;60.6;144091484160;93490733056
2026-08-20 20:27:35;raphael;28.2;10.7;14.9;72.7;34.2;3936620544;7311118336;0;0;60.6;144091475968;93490741248
2026-08-20 20:27:38;raphael;28.4;9.8;14.7;73.6;34.2;3935252480;7310168064;0;0;60.6;144091475968;93490741248
2026-08-20 20:27:41;raphael;29.5;11.6;15.4;71.0;34.0;3943071744;7342161920;0;0;60.6;144091475968;93490741248
2026-08-20 20:27:44;raphael;27.0;11.5;16.2;70.6;34.3;3950514176;7303168000;0;0;60.6;144091475968;93490741248
2026-08-20 20:27:47;raphael;26.4;9.3;15.0;74.1;34.7;3976351744;7231299584;0;0;60.6;144091492352;93490724864
2026-08-20 20:27:50;raphael;31.0;10.3;15.0;73.1;35.3;3983106048;7144099840;0;0;60.6;144091496448;93490720768
2026-08-20 20:27:53;raphael;26.8;10.8;14.7;72.8;34.8;3974795264;7222341632;0;0;60.6;144091496448;93490720768
2026-08-20 20:27:56;raphael;31.4;6.9;11.4;77.7;34.5;3983765504;7246286848;0;0;60.6;144091312128;93490905088
2026-08-20 20:27:59;raphael;26.9;9.2;14.7;74.4;34.5;3980972032;7254745088;0;0;60.6;144091295744;93490921472
2026-08-20 20:28:02;raphael;26.5;10.3;14.9;73.0;34.7;3980029952;7228928000;0;0;60.6;144091295744;93490921472
2026-08-20 20:28:05;raphael;29.6;10.7;15.5;71.8;34.6;3988008960;7231168512;0;0;60.6;144091299840;93490917376
2026-08-20 20:28:08;raphael;28.3;10.0;15.2;72.9;34.6;3984314368;7241023488;0;0;60.6;144091299840;93490917376
2026-08-20 20:28:11;raphael;26.6;9.7;15.0;73.7;34.5;3983101952;7251918848;0;0;60.6;144091299840;93490917376
2026-08-20 20:28:14;raphael;26.4;10.3;15.2;72.8;34.8;3983233024;7203495936;0;0;60.6;144091299840;93490917376
2026-08-20 20:28:17;raphael;26.8;10.7;14.5;73.2;34.4;3959873536;7263092736;0;0;60.6;144091295744;93490921472
2026-08-20 20:28:20;raphael;27.0;10.6;15.0;72.8;34.4;3960987648;7271653376;0;0;60.6;144091332608;93490884608
2026-08-20 20:28:23;raphael;25.4;9.4;14.5;74.5;34.6;3963097088;7225327616;0;0;60.6;144091152384;93491064832
2026-08-20 20:28:26;raphael;30.0;10.7;15.3;72.1;34.6;3967422464;7218753536;0;0;60.6;144091152384;93491064832
2026-08-20 20:28:29;raphael;26.0;9.0;14.8;74.6;34.5;3958059008;7249752064;0;0;60.6;144091152384;93491064832
2026-08-20 20:28:32;raphael;27.9;9.3;14.9;74.2;34.3;3954253824;7282073600;0;0;60.6;144091152384;93491064832
2026-08-20 20:28:35;raphael;31.4;10.9;14.7;72.6;34.6;3966844928;7231827968;0;0;60.6;144091123712;93491093504
2026-08-20 20:28:38;raphael;32.3;10.7;14.6;72.8;34.9;3995328512;7177617408;0;0;60.6;144091127808;93491089408
2026-08-20 20:28:41;raphael;29.9;11.1;15.2;72.0;34.8;4020088832;7197179904;0;0;60.6;144091131904;93491085312
2026-08-20 20:28:44;raphael;27.5;13.4;15.2;69.5;34.8;4020928512;7200382976;0;0;60.6;144091250688;93490966528
2026-08-20 20:28:47;raphael;22.5;9.2;14.6;74.6;34.5;3992145920;7224426496;0;0;60.6;144091058176;93491159040
2026-08-20 20:28:50;raphael;25.4;9.3;14.6;74.5;34.9;3991441408;7168671744;0;0;60.6;144091058176;93491159040
2026-08-20 20:28:53;raphael;25.7;9.3;14.8;74.2;34.8;3990794240;7184072704;0;0;60.6;144091058176;93491159040
2026-08-20 20:28:56;raphael;26.4;9.8;14.9;73.7;34.6;3988537344;7218515968;0;0;60.6;144091058176;93491159040
2026-08-20 20:28:59;raphael;26.2;10.6;15.0;72.4;34.4;3993604096;7244615680;0;0;60.6;144091086848;93491130368
2026-08-20 20:29:02;raphael;28.3;10.6;15.3;72.5;34.5;3995525120;7225425920;0;0;60.6;144091086848;93491130368
2026-08-20 20:29:05;raphael;27.4;10.3;15.3;72.8;34.4;3992707072;7245266944;0;0;60.6;144091095040;93491122176
2026-08-20 20:29:08;raphael;27.0;10.6;14.5;73.1;34.6;3983138816;7206551552;0;0;60.6;144091095040;93491122176
2026-08-20 20:29:11;raphael;21.6;8.9;15.0;74.4;34.6;3986468864;7197847552;0;0;60.7;144094687232;93487529984
2026-08-20 20:29:14;raphael;25.9;9.6;15.0;73.8;34.4;3967156224;7233351680;0;0;60.7;144094691328;93487525888
2026-08-20 20:29:17;raphael;25.7;9.4;14.4;74.5;34.3;3967180800;7249825792;0;0;60.7;144094691328;93487525888
2026-08-20 20:29:20;raphael;26.1;9.5;15.0;73.2;34.2;3965292544;7259148288;0;0;60.7;144094691328;93487525888
2026-08-20 20:29:23;raphael;26.9;10.2;14.4;73.8;34.5;3967664128;7219412992;0;0;60.7;144094691328;93487525888
2026-08-20 20:29:26;raphael;28.6;10.4;15.0;72.9;34.7;3953942528;7175847936;0;0;60.7;144094691328;93487525888
2026-08-20 20:29:29;raphael;26.7;10.5;15.0;72.9;34.4;3955802112;7236370432;0;0;60.7;144094666752;93487550464
2026-08-20 20:29:32;raphael;27.0;10.5;14.7;73.1;34.3;3957243904;7243747328;0;0;60.7;144094666752;93487550464
2026-08-20 20:29:35;raphael;27.5;9.6;13.4;74.5;34.4;3969359872;7178133504;0;0;60.7;144144842752;93437374464
2026-08-20 20:29:38;raphael;26.1;9.2;14.9;74.4;34.5;3958329344;7198887936;0;0;60.7;144094502912;93487714304
2026-08-20 20:29:41;raphael;27.7;14.3;15.7;68.2;34.6;3971969024;7183720448;0;0;60.7;144094502912;93487714304
2026-08-20 20:29:44;raphael;27.6;10.3;14.4;73.7;34.6;3976245248;7195254784;0;0;60.7;144094502912;93487714304
2026-08-20 20:29:47;raphael;26.8;13.7;15.4;69.1;34.3;3966734336;7229562880;0;0;60.7;144094470144;93487747072
2026-08-20 20:29:50;raphael;28.8;11.5;15.1;71.7;34.3;3973513216;7232102400;0;0;60.7;144094470144;93487747072
2026-08-20 20:29:53;raphael;28.3;11.2;15.2;71.8;34.3;3975741440;7242571776;0;0;60.7;144094470144;93487747072
2026-08-20 20:29:56;raphael;32.1;12.1;15.2;71.0;34.4;3974725632;7223582720;0;0;60.7;144094470144;93487747072
2026-08-20 20:29:59;raphael;30.4;11.7;15.3;71.3;34.3;3977601024;7231995904;0;0;60.7;144094470144;93487747072
2026-08-20 20:30:02;raphael;31.2;7.9;11.5;78.0;34.4;3987845120;7211520000;0;0;60.7;144094281728;93487935488
2026-08-20 20:30:05;raphael;26.7;10.1;15.2;72.9;34.5;3987742720;7198363648;0;0;60.7;144094281728;93487935488
2026-08-20 20:30:08;raphael;27.7;10.3;14.8;73.2;34.2;3983781888;7232200704;0;0;60.7;144094281728;93487935488
2026-08-20 20:30:11;raphael;27.4;11.3;14.8;72.3;34.3;3986395136;7225454592;0;0;60.7;144094306304;93487910912
2026-08-20 20:30:14;raphael;30.3;15.3;15.9;66.8;34.2;3987406848;7246426112;0;0;60.7;144094310400;93487906816
2026-08-20 20:30:17;raphael;28.1;11.1;15.4;71.7;34.3;3988193280;7229759488;0;0;60.7;144094310400;93487906816
2026-08-20 20:30:20;raphael;28.1;10.9;15.0;72.3;34.5;3991703552;7185068032;0;0;60.7;144094310400;93487906816
2026-08-20 20:30:23;raphael;30.0;13.9;15.3;69.2;34.3;3990380544;7228252160;0;0;60.7;144094310400;93487906816
2026-08-20 20:30:26;raphael;30.0;9.2;12.4;75.6;34.3;3998339072;7214809088;0;0;60.7;144094109696;93488107520
2026-08-20 20:30:29;raphael;32.8;12.0;15.4;70.5;35.0;4040167424;7099842560;0;0;60.7;144094138368;93488078848
2026-08-20 20:30:32;raphael;27.7;11.5;15.4;71.3;35.2;4053979136;7066271744;0;0;60.7;144094138368;93488078848
2026-08-20 20:30:35;raphael;27.2;11.2;15.1;72.0;34.9;4061036544;7117033472;0;0;60.7;144094146560;93488070656
2026-08-20 20:30:38;raphael;30.6;13.0;16.0;69.1;35.3;4071927808;7055470592;0;0;60.7;144094154752;93488062464
2026-08-20 20:30:41;raphael;28.2;11.6;15.3;71.4;35.0;4068106240;7097511936;0;0;60.7;144094146560;93488070656
2026-08-20 20:30:44;raphael;31.9;13.0;15.5;69.7;35.5;4075323392;7013933056;0;0;60.7;144097869824;93484347392
2026-08-20 20:30:47;raphael;29.4;12.7;15.4;70.0;35.2;4074303488;7058317312;0;0;60.7;144097894400;93484322816
2026-08-20 20:30:50;raphael;29.7;13.2;15.3;69.7;35.3;4076818432;7042961408;0;0;60.7;144097935360;93484281856
2026-08-20 20:30:53;raphael;29.3;11.3;15.5;71.4;34.9;4057116672;7100538880;0;0;60.7;144097763328;93484453888
2026-08-20 20:30:56;raphael;32.5;17.7;15.9;64.3;35.0;4082188288;7079862272;0;0;60.7;144097771520;93484445696
2026-08-20 20:30:59;raphael;30.0;11.0;15.4;71.7;35.1;4070227968;7070478336;0;0;60.7;144097775616;93484441600
2026-08-20 20:31:02;raphael;32.2;9.8;14.9;73.7;34.9;4054011904;7096541184;0;0;60.7;144097775616;93484441600
2026-08-20 20:31:05;raphael;28.3;10.3;14.7;73.3;34.9;4046675968;7095832576;0;0;60.7;144097779712;93484437504
2026-08-20 20:31:08;raphael;28.3;12.8;15.6;69.7;34.9;4042420224;7105474560;0;0;60.7;144097779712;93484437504
2026-08-20 20:31:11;raphael;31.2;11.3;15.3;71.6;34.8;4039749632;7118192640;0;0;60.7;144097742848;93484474368
2026-08-20 20:31:14;raphael;28.9;11.3;15.2;71.8;34.7;4039188480;7136841728;0;0;60.7;144097742848;93484474368
2026-08-20 20:31:17;raphael;29.7;7.3;11.7;78.8;34.6;4045041664;7132389376;0;0;60.7;144097546240;93484670976
2026-08-20 20:31:20;raphael;27.0;10.2;15.3;73.0;35.1;4048326656;7059587072;0;0;60.7;144097570816;93484646400
2026-08-20 20:31:23;raphael;30.8;11.3;15.1;71.9;34.9;4046536704;7095672832;0;0;60.7;144097570816;93484646400
2026-08-20 20:31:26;raphael;27.9;12.0;15.3;71.0;34.5;4047724544;7153967104;0;0;60.7;144097570816;93484646400
2026-08-20 20:31:29;raphael;27.2;10.9;14.8;72.7;34.9;4032491520;7088865280;0;0;60.7;144097574912;93484642304
2026-08-20 20:31:32;raphael;32.2;14.8;15.2;68.2;34.8;4031000576;7097651200;0;0;60.7;144097574912;93484642304
2026-08-20 20:31:35;raphael;31.2;13.2;15.1;69.9;34.2;3984584704;7196069888;0;0;60.7;144097550336;93484666880
2026-08-20 20:31:38;raphael;29.9;12.8;15.3;70.1;34.5;4023144448;7144464384;0;0;60.7;144097632256;93484584960
2026-08-20 20:31:41;raphael;30.7;8.7;11.5;76.9;34.9;4056309760;7072776192;0;0;60.7;144101433344;93480783872
2026-08-20 20:31:44;raphael;29.0;13.6;16.0;68.5;34.9;4066525184;7074975744;0;0;60.7;144103399424;93478817792
2026-08-20 20:31:47;raphael;28.2;14.2;15.4;68.5;34.9;4084711424;7067832320;0;0;60.7;144104771584;93477445632
2026-08-20 20:31:50;raphael;28.6;12.7;15.2;69.9;35.0;4073807872;7051665408;0;0;60.7;144104665088;93477552128
2026-08-20 20:31:53;raphael;28.2;13.6;15.1;69.4;35.1;4104417280;7036215296;0;0;60.7;144104734720;93477482496
2026-08-20 20:31:56;raphael;30.3;10.5;15.0;72.8;35.0;4088754176;7048921088;0;0;60.7;144104742912;93477474304
2026-08-20 20:31:59;raphael;28.9;11.5;15.3;70.8;35.1;4091445248;7031349248;0;0;60.7;144104742912;93477474304
2026-08-20 20:32:02;raphael;28.7;11.4;15.3;71.5;35.0;4069113856;7045988352;0;0;60.7;144104759296;93477457920
2026-08-20 20:32:05;raphael;29.4;11.0;15.3;72.1;34.6;4027887616;7116619776;0;0;60.7;144104726528;93477490688
2026-08-20 20:32:08;raphael;25.8;9.5;15.0;73.9;34.4;4032098304;7130447872;0;0;60.7;144104550400;93477666816
2026-08-20 20:32:11;raphael;26.2;11.6;15.3;71.3;34.4;4031954944;7134666752;0;0;60.7;144104562688;93477654528
2026-08-20 20:32:14;raphael;26.7;10.3;14.6;73.3;34.7;4040855552;7088459776;0;0;60.7;144104562688;93477654528
2026-08-20 20:32:17;raphael;27.4;10.3;14.7;73.3;34.4;4038242304;7132770304;0;0;60.7;144104562688;93477654528
2026-08-20 20:32:20;raphael;28.4;12.2;14.8;71.2;34.8;4043014144;7068364800;0;0;60.7;144104562688;93477654528
2026-08-20 20:32:23;raphael;28.0;13.3;15.7;69.2;34.7;4033048576;7088676864;0;0;60.7;144104562688;93477654528
2026-08-20 20:32:26;raphael;27.8;11.3;14.9;72.1;34.4;4028354560;7129796608;0;0;60.7;144104574976;93477642240
2026-08-20 20:32:29;raphael;29.4;11.9;15.0;70.7;34.4;4030119936;7140610048;0;0;60.7;144104587264;93477629952
2026-08-20 20:32:32;raphael;27.7;10.2;15.1;73.0;34.7;4032733184;7080980480;0;0;60.7;144104398848;93477818368
2026-08-20 20:32:35;raphael;29.6;13.9;16.2;68.0;35.1;4080521216;7014207488;0;0;60.7;144104460288;93477756928
2026-08-20 20:32:38;raphael;26.5;10.3;14.9;73.1;35.1;4069756928;7018913792;0;0;60.7;144104562688;93477654528
2026-08-20 20:32:41;raphael;27.3;11.6;15.6;71.1;34.9;4077772800;7048994816;0;0;60.7;144104566784;93477650432
2026-08-20 20:32:44;raphael;30.8;11.4;15.7;71.2;34.8;4068917248;7067361280;0;0;60.7;144104542208;93477675008
2026-08-20 20:32:47;raphael;28.0;15.3;15.8;67.0;34.8;4078792704;7067475968;0;0;60.7;144104529920;93477687296
2026-08-20 20:32:50;raphael;29.7;11.6;15.2;71.6;35.1;4079894528;7014531072;0;0;60.7;144104529920;93477687296
2026-08-20 20:32:53;raphael;30.3;11.8;15.2;71.3;34.9;4083802112;7045189632;0;0;60.7;144104529920;93477687296
2026-08-20 20:32:56;raphael;28.5;9.3;11.7;76.5;34.8;4088741888;7050649600;0;0;60.7;144104312832;93477904384
2026-08-20 20:32:59;raphael;27.3;10.1;14.8;73.5;34.8;4085706752;7045914624;0;0;60.7;144104312832;93477904384
2026-08-20 20:33:02;raphael;29.3;10.8;15.5;71.4;34.8;4086857728;7056674816;0;0;60.7;144104312832;93477904384
2026-08-20 20:33:05;raphael;33.4;15.9;16.1;65.9;34.9;4109504512;7032389632;0;0;60.7;144104509440;93477707776
2026-08-20 20:33:08;raphael;29.6;18.8;16.7;62.4;35.2;4141424640;6987743232;0;0;60.7;144104665088;93477552128
2026-08-20 20:33:11;raphael;26.8;10.1;15.1;73.2;35.1;4102176768;6994763776;0;0;60.7;144104673280;93477543936
2026-08-20 20:33:14;raphael;27.1;10.2;15.5;72.6;34.7;4099244032;7060115456;0;0;60.7;144104546304;93477670912
2026-08-20 20:33:17;raphael;27.8;11.4;15.1;71.8;34.9;4102987776;7034683392;0;0;60.7;144104554496;93477662720
2026-08-20 20:33:20;raphael;30.1;13.1;15.2;69.9;34.7;4106297344;7058165760;0;0;60.7;144104554496;93477662720
2026-08-20 20:33:23;raphael;29.7;10.4;11.8;74.7;34.5;4110708736;7086903296;0;0;60.7;144104353792;93477863424
2026-08-20 20:33:26;raphael;31.7;20.9;16.5;60.5;35.1;4144750592;6981632000;0;0;60.7;144104550400;93477666816
2026-08-20 20:33:29;raphael;26.1;10.4;14.9;73.0;34.8;4121354240;7033507840;0;0;60.7;144104562688;93477654528
2026-08-20 20:33:32;raphael;32.6;13.0;16.7;68.1;36.0;4273684480;6834876416;0;0;60.7;144105205760;93477011456
2026-08-20 20:33:35;raphael;32.2;12.4;15.7;69.8;35.5;4186779648;6915710976;0;0;60.7;144106422272;93475794944
2026-08-20 20:33:38;raphael;31.1;14.7;15.2;68.2;35.4;4192071680;6933086208;0;0;60.7;144107646976;93474570240
2026-08-20 20:33:41;raphael;32.1;13.3;15.6;69.0;35.3;4203712512;6990651392;0;0;60.6;144041377792;93540839424
2026-08-20 20:33:44;raphael;37.6;25.6;17.8;54.3;37.2;4467523584;6674821120;0;0;60.6;144043220992;93538996224
2026-08-20 20:33:47;raphael;34.3;18.3;16.0;63.4;37.3;4439162880;6654537728;0;0;60.6;144045432832;93536784384
2026-08-20 20:33:50;raphael;26.8;14.1;16.6;67.4;37.2;4441903104;6657843200;0;0;60.6;144047525888;93534691328
2026-08-20 20:33:53;raphael;35.0;13.1;15.3;69.8;37.4;4475887616;6625247232;0;0;60.6;144048291840;93533925376
2026-08-20 20:33:56;raphael;36.7;14.6;15.8;67.7;37.5;4523274240;6603972608;0;0;60.6;144048746496;93533470720
2026-08-20 20:33:59;raphael;26.7;12.9;15.6;69.7;37.5;4529811456;6607134720;0;0;60.6;144048603136;93533614080
2026-08-20 20:34:02;raphael;32.1;13.7;15.3;69.2;36.6;4377989120;6760554496;0;0;60.6;144048619520;93533597696
2026-08-20 20:34:05;raphael;31.1;12.9;15.0;70.2;36.5;4379766784;6779527168;0;0;60.6;144048623616;93533593600
2026-08-20 20:34:08;raphael;28.2;11.4;15.2;71.7;36.4;4382285824;6785593344;0;0;60.6;144048627712;93533589504
2026-08-20 20:34:11;raphael;34.1;16.2;15.7;66.2;36.3;4359258112;6808145920;0;0;60.6;144048619520;93533597696
2026-08-20 20:34:14;raphael;29.7;7.1;11.7;78.7;36.2;4364574720;6808592384;0;0;60.6;144048414720;93533802496
2026-08-20 20:34:17;raphael;28.5;10.8;15.2;72.3;36.2;4370132992;6815100928;0;0;60.6;144048418816;93533798400
2026-08-20 20:34:20;raphael;27.7;10.2;15.2;72.9;36.3;4369862656;6788542464;0;0;60.6;144048418816;93533798400
2026-08-20 20:34:23;raphael;26.8;10.3;14.6;73.5;36.2;4368683008;6816202752;0;0;60.6;144048418816;93533798400
2026-08-20 20:34:26;raphael;27.0;10.3;15.3;72.8;36.0;4339761152;6834933760;0;0;60.6;144048431104;93533786112
2026-08-20 20:34:29;raphael;27.8;11.8;15.3;71.2;36.1;4345004032;6821453824;0;0;60.6;144048431104;93533786112
2026-08-20 20:34:32;raphael;28.7;16.7;15.5;66.0;35.7;4254830592;6897487872;0;0;60.6;144048431104;93533786112
2026-08-20 20:34:35;raphael;30.9;13.0;15.6;69.1;35.6;4260835328;6913523712;0;0;60.6;144048439296;93533777920
2026-08-20 20:34:38;raphael;30.8;12.8;14.1;70.1;35.8;4309958656;6870544384;0;0;60.6;144048295936;93533921280
2026-08-20 20:34:42;raphael;28.0;10.2;15.6;72.4;35.7;4296306688;6870855680;0;0;60.6;144048386048;93533831168
2026-08-20 20:34:45;raphael;31.6;10.0;15.3;73.0;35.7;4296355840;6874243072;0;0;60.6;144048386048;93533831168
2026-08-20 20:34:48;raphael;27.0;12.2;15.1;70.7;36.4;4386406400;6762315776;0;0;60.6;144043646976;93538570240
2026-08-20 20:34:51;raphael;35.0;19.6;17.2;60.9;37.1;4461649920;6653497344;0;0;60.6;144044748800;93537468416
2026-08-20 20:34:54;raphael;30.7;17.0;16.5;64.2;37.4;4532432896;6603227136;0;0;60.6;144045821952;93536395264
2026-08-20 20:34:57;raphael;26.7;11.3;15.7;71.4;37.4;4530978816;6605864960;0;0;60.6;144045895680;93536321536
2026-08-20 20:35:00;raphael;27.2;12.7;15.7;69.7;37.5;4532813824;6596337664;0;0;60.6;144045817856;93536399360
2026-08-20 20:35:03;raphael;28.9;14.8;15.0;68.3;37.4;4526239744;6605930496;0;0;60.6;144045817856;93536399360
2026-08-20 20:35:06;raphael;22.7;11.4;15.2;71.8;37.0;4509884416;6653648896;0;0;60.6;144045727744;93536489472
2026-08-20 20:35:09;raphael;29.6;11.4;15.4;71.3;36.9;4506554368;6670802944;0;0;60.6;144045727744;93536489472
2026-08-20 20:35:12;raphael;28.8;13.9;15.3;69.1;36.7;4493443072;6708887552;0;0;60.6;144045727744;93536489472
2026-08-20 20:35:15;raphael;30.2;11.0;15.3;72.0;36.9;4501741568;6677319680;0;0;60.6;144045731840;93536485376
2026-08-20 20:35:18;raphael;27.6;9.8;15.1;73.4;36.8;4495364096;6696685568;0;0;60.6;144045694976;93536522240
2026-08-20 20:35:21;raphael;27.1;11.4;14.8;72.2;36.9;4443623424;6671405056;0;0;60.6;144045694976;93536522240
2026-08-20 20:35:24;raphael;29.9;10.5;15.0;72.9;36.6;4447621120;6718791680;0;0;60.6;144045703168;93536514048
2026-08-20 20:35:27;raphael;27.3;10.6;15.2;72.6;36.5;4428660736;6734766080;0;0;60.6;144045703168;93536514048
2026-08-20 20:35:30;raphael;21.1;10.6;15.1;72.3;36.5;4435955712;6732443648;0;0;60.6;144045510656;93536706560
2026-08-20 20:35:33;raphael;25.4;9.5;14.9;74.0;36.4;4427182080;6749581312;0;0;60.6;144045510656;93536706560
2026-08-20 20:35:36;raphael;28.4;11.0;15.2;71.9;36.7;4437938176;6688055296;0;0;60.6;144045490176;93536727040
2026-08-20 20:35:39;raphael;26.2;9.2;14.9;74.3;36.8;4434874368;6671527936;0;0;60.6;144045498368;93536718848
2026-08-20 20:35:42;raphael;26.5;11.9;15.6;70.7;36.5;4441427968;6722342912;0;0;60.6;144045498368;93536718848
2026-08-20 20:35:45;raphael;27.1;10.8;15.0;72.3;36.6;4440002560;6717247488;0;0;60.6;144045498368;93536718848
2026-08-20 20:35:48;raphael;28.1;14.8;15.4;67.9;36.0;4350324736;6800953344;0;0;60.6;144045502464;93536714752
2026-08-20 20:35:51;raphael;28.6;13.5;15.9;68.7;36.2;4365746176;6780887040;0;0;60.6;144045502464;93536714752
2026-08-20 20:35:54;raphael;24.5;10.2;14.9;73.2;36.1;4373008384;6777204736;0;0;60.6;144045297664;93536919552
2026-08-20 20:35:57;raphael;30.3;12.0;15.4;70.8;36.0;4369018880;6801780736;0;0;60.6;144045297664;93536919552
2026-08-20 20:36:00;raphael;26.7;11.1;16.0;70.7;36.0;4373454848;6798913536;0;0;60.6;144045297664;93536919552
2026-08-20 20:36:03;raphael;30.4;15.2;15.4;67.3;36.2;4388380672;6770147328;0;0;60.6;144045301760;93536915456
2026-08-20 20:36:06;raphael;29.1;11.4;15.3;71.4;36.1;4391813120;6784090112;0;0;60.6;144045334528;93536882688
2026-08-20 20:36:09;raphael;27.9;12.2;15.1;70.8;36.3;4393431040;6757445632;0;0;60.6;144045334528;93536882688
2026-08-20 20:36:12;raphael;26.8;10.4;14.6;73.4;36.3;4385132544;6755745792;0;0;60.6;144045334528;93536882688
2026-08-20 20:36:15;raphael;27.4;11.1;15.5;71.6;36.2;4386541568;6772490240;0;0;60.6;144045338624;93536878592
2026-08-20 20:36:18;raphael;27.0;10.9;15.1;72.3;36.2;4377325568;6760501248;0;0;60.6;144045371392;93536845824
2026-08-20 20:36:21;raphael;25.8;8.8;15.5;74.1;36.1;4376424448;6775844864;0;0;60.6;144045174784;93537042432
2026-08-20 20:36:24;raphael;25.7;9.5;14.5;74.3;36.1;4377972736;6773145600;0;0;60.6;144045174784;93537042432
2026-08-20 20:36:27;raphael;29.8;11.0;16.3;70.9;36.0;4372000768;6784524288;0;0;60.6;144045178880;93537038336
2026-08-20 20:36:30;raphael;27.9;10.6;15.5;72.2;36.0;4379344896;6792912896;0;0;60.6;144045178880;93537038336
2026-08-20 20:36:33;raphael;28.4;11.0;15.4;71.6;35.9;4379656192;6804013056;0;0;60.6;144045178880;93537038336
2026-08-20 20:36:36;raphael;28.8;10.3;15.2;72.8;36.5;4383502336;6715682816;0;0;60.6;144045158400;93537058816
2026-08-20 20:36:39;raphael;29.2;11.9;14.8;71.6;36.2;4381806592;6750781440;0;0;60.6;144045158400;93537058816
2026-08-20 20:36:42;raphael;30.3;12.5;15.3;70.4;36.3;4384583680;6747394048;0;0;60.6;144045158400;93537058816
2026-08-20 20:36:45;raphael;25.8;10.5;15.1;72.7;36.1;4392910848;6755287040;0;0;60.6;144044957696;93537259520
2026-08-20 20:36:48;raphael;27.6;10.0;14.8;73.4;36.2;4392103936;6748626944;0;0;60.6;144044957696;93537259520
2026-08-20 20:36:51;raphael;29.0;13.1;15.6;69.5;36.3;4408246272;6726860800;0;0;60.6;144044974080;93537243136
2026-08-20 20:36:54;raphael;43.0;18.8;16.3;62.8;37.4;4555243520;6551621632;0;0;60.6;144045678592;93536538624
2026-08-20 20:36:57;raphael;38.4;13.7;15.7;68.7;37.8;4584939520;6495252480;0;0;60.6;144045809664;93536407552
2026-08-20 20:37:00;raphael;28.6;11.0;15.6;71.6;37.4;4569710592;6548074496;0;0;60.6;144045821952;93536395264
2026-08-20 20:37:03;raphael;33.3;13.1;15.3;69.7;36.9;4486397952;6634909696;0;0;60.6;144045682688;93536534528
2026-08-20 20:37:06;raphael;30.9;13.4;15.6;69.0;36.9;4474974208;6637080576;0;0;60.6;144045654016;93536563200
2026-08-20 20:37:09;raphael;26.0;10.5;15.1;72.7;36.4;4445745152;6694350848;0;0;60.6;144045469696;93536747520
2026-08-20 20:37:12;raphael;26.2;9.2;15.4;73.7;36.4;4440981504;6708985856;0;0;60.6;144045469696;93536747520
2026-08-20 20:37:15;raphael;25.9;9.2;14.7;74.0;36.3;4442718208;6726086656;0;0;60.6;144045469696;93536747520
2026-08-20 20:37:18;raphael;26.1;9.4;14.9;74.1;36.3;4443439104;6717976576;0;0;60.6;144045469696;93536747520
2026-08-20 20:37:21;raphael;26.7;9.8;15.4;73.1;36.3;4443152384;6717493248;0;0;60.6;144045453312;93536763904
2026-08-20 20:37:24;raphael;26.1;11.6;15.0;71.5;36.3;4433113088;6722117632;0;0;60.6;144045453312;93536763904
2026-08-20 20:37:27;raphael;27.0;10.1;15.2;73.0;36.2;4415188992;6740856832;0;0;60.6;144045465600;93536751616
2026-08-20 20:37:30;raphael;27.2;10.6;14.7;73.1;36.3;4421804032;6722056192;0;0;60.6;144045477888;93536739328
2026-08-20 20:37:33;raphael;25.6;8.9;15.3;74.2;36.6;4418318336;6653038592;0;0;60.6;144049057792;93533159424
2026-08-20 20:37:36;raphael;25.9;9.4;15.0;73.9;36.4;4418297856;6693666816;0;0;60.6;144049057792;93533159424
2026-08-20 20:37:39;raphael;28.6;10.1;15.3;72.9;36.2;4421513216;6728593408;0;0;60.6;144049057792;93533159424
2026-08-20 20:37:42;raphael;28.1;11.6;15.4;71.2;36.1;4415475712;6740267008;0;0;60.6;144049061888;93533155328
2026-08-20 20:37:45;raphael;27.0;11.6;15.1;71.6;36.1;4416675840;6736543744;0;0;60.6;144049061888;93533155328
2026-08-20 20:37:48;raphael;28.5;11.2;15.5;71.5;36.1;4420882432;6738960384;0;0;60.6;144049065984;93533151232
2026-08-20 20:37:51;raphael;27.5;10.7;14.8;72.8;36.4;4418007040;6686281728;0;0;60.6;144049065984;93533151232
2026-08-20 20:37:54;raphael;27.6;10.5;16.2;71.6;36.7;4418473984;6637527040;0;0;60.6;144049065984;93533151232
2026-08-20 20:37:57;raphael;25.5;9.5;14.6;74.3;36.4;4421738496;6685302784;0;0;60.6;144048881664;93533335552
2026-08-20 20:38:00;raphael;29.3;9.7;15.4;73.2;36.3;4429869056;6697820160;0;0;60.6;144048893952;93533323264
2026-08-20 20:38:03;raphael;26.7;9.3;15.1;74.0;36.4;4441329664;6686273536;0;0;60.6;144048898048;93533319168
2026-08-20 20:38:06;raphael;27.4;9.6;15.2;73.6;36.4;4440276992;6683435008;0;0;60.6;144048943104;93533274112
2026-08-20 20:38:09;raphael;31.2;10.3;14.6;73.5;36.5;4425842688;6667956224;0;0;60.6;144048943104;93533274112
2026-08-20 20:38:12;raphael;26.8;10.1;14.7;73.5;36.2;4421332992;6713319424;0;0;60.6;144048943104;93533274112
2026-08-20 20:38:15;raphael;27.5;10.4;15.1;72.8;36.3;4421873664;6700126208;0;0;60.6;144048943104;93533274112
2026-08-20 20:38:18;raphael;27.1;10.6;15.1;72.6;36.4;4422934528;6684246016;0;0;60.6;144048947200;93533270016
2026-08-20 20:38:21;raphael;25.9;9.3;15.1;74.0;36.1;4409692160;6715920384;0;0;60.6;144048766976;93533450240
2026-08-20 20:38:24;raphael;25.5;9.4;14.9;74.2;36.2;4407746560;6697848832;0;0;60.6;144048766976;93533450240
2026-08-20 20:38:27;raphael;25.9;9.2;15.0;74.2;36.0;4407140352;6737408000;0;0;60.6;144048766976;93533450240
2026-08-20 20:38:30;raphael;25.8;9.8;15.3;73.3;36.0;4409155584;6730145792;0;0;60.6;144048766976;93533450240
2026-08-20 20:38:33;raphael;26.7;10.5;15.1;72.9;36.1;4412784640;6718767104;0;0;60.6;144048766976;93533450240
2026-08-20 20:38:36;raphael;26.7;10.1;15.0;73.3;36.4;4413911040;6663192576;0;0;60.6;144048754688;93533462528
2026-08-20 20:38:39;raphael;26.8;10.0;15.1;73.3;36.6;4412956672;6634754048;0;0;60.6;144048754688;93533462528
2026-08-20 20:38:42;raphael;28.5;10.5;15.3;72.6;36.7;4437299200;6615044096;0;0;60.6;144048852992;93533364224
2026-08-20 20:38:45;raphael;30.1;11.8;12.5;73.2;36.4;4449787904;6656987136;0;0;60.6;144048660480;93533556736
2026-08-20 20:38:48;raphael;35.4;13.7;16.4;67.9;36.2;4468461568;6689636352;0;0;60.6;144048676864;93533540352
2026-08-20 20:38:51;raphael;31.0;10.6;15.6;71.9;36.2;4451287040;6699175936;0;0;60.6;144048660480;93533556736
2026-08-20 20:38:54;raphael;25.9;10.7;15.1;72.2;36.1;4460896256;6701862912;0;0;60.6;144048660480;93533556736
2026-08-20 20:38:57;raphael;30.0;13.0;15.5;69.7;36.5;4494282752;6649085952;0;0;60.6;144048668672;93533548544
2026-08-20 20:39:00;raphael;27.9;10.6;15.2;72.6;36.4;4493344768;6664605696;0;0;60.6;144048668672;93533548544
2026-08-20 20:39:03;raphael;27.6;10.9;15.0;72.3;36.7;4496609280;6612971520;0;0;60.6;144048668672;93533548544
2026-08-20 20:39:06;raphael;28.7;13.5;15.8;68.7;36.6;4509597696;6621163520;0;0;60.6;144048660480;93533556736
2026-08-20 20:39:09;raphael;33.8;14.5;16.5;67.0;36.9;4512985088;6579675136;0;0;60.6;144048660480;93533556736
2026-08-20 20:39:12;raphael;29.7;9.4;12.9;75.0;36.7;4510588928;6602854400;0;0;60.6;144048619520;93533597696
2026-08-20 20:39:15;raphael;39.3;11.6;15.7;70.9;36.9;4532834304;6560141312;0;0;60.6;144048631808;93533585408
2026-08-20 20:39:18;raphael;29.0;13.7;15.8;68.6;36.9;4539084800;6561357824;0;0;60.6;144048635904;93533581312
2026-08-20 20:39:21;raphael;36.2;18.1;16.0;63.8;37.1;4552892416;6526640128;0;0;60.6;144048635904;93533581312
2026-08-20 20:39:24;raphael;37.7;19.2;15.8;62.9;37.2;4566769664;6521016320;0;0;60.6;144048635904;93533581312
2026-08-20 20:39:27;raphael;35.7;18.9;15.8;63.0;37.5;4589645824;6471798784;0;0;60.6;144048644096;93533573120
2026-08-20 20:39:30;raphael;32.7;16.5;15.7;65.5;37.4;4590497792;6491807744;0;0;60.6;144048644096;93533573120
2026-08-20 20:39:33;raphael;27.5;10.9;15.2;72.2;37.1;4586504192;6540722176;0;0;60.6;144048644096;93533573120
2026-08-20 20:39:36;raphael;27.5;11.3;15.2;71.7;37.0;4590592000;6558121984;0;0;60.6;144048644096;93533573120
2026-08-20 20:39:39;raphael;26.7;9.0;13.9;75.6;36.9;4598800384;6556876800;0;0;60.6;144048443392;93533773824
2026-08-20 20:39:42;raphael;26.2;9.6;15.0;73.8;36.8;4595023872;6565990400;0;0;60.6;144048422912;93533794304
2026-08-20 20:39:45;raphael;29.8;15.5;15.6;66.9;37.4;4605972480;6479728640;0;0;60.6;144048435200;93533782016
2026-08-20 20:39:48;raphael;34.4;13.6;16.1;68.2;37.8;4654313472;6398873600;0;0;60.6;144048435200;93533782016
2026-08-20 20:39:51;raphael;29.5;11.0;15.4;71.2;37.7;4645535744;6415876096;0;0;60.6;144048435200;93533782016
2026-08-20 20:39:54;raphael;29.5;14.6;15.0;68.5;37.3;4602048512;6478635008;0;0;60.6;144048427008;93533790208
2026-08-20 20:39:57;raphael;27.5;13.2;15.1;69.8;37.2;4604260352;6494392320;0;0;60.6;144048431104;93533786112
2026-08-20 20:40:00;raphael;28.5;12.8;15.3;70.1;37.0;4606799872;6530494464;0;0;60.6;144048431104;93533786112
2026-08-20 20:40:03;raphael;29.6;9.3;12.0;76.1;37.1;4617773056;6509555712;0;0;60.6;144048246784;93533970432
2026-08-20 20:40:06;raphael;28.3;14.1;15.5;68.6;37.0;4612927488;6522056704;0;0;60.6;144048259072;93533958144
2026-08-20 20:40:09;raphael;26.6;11.7;15.6;71.0;37.4;4606984192;6457917440;0;0;60.6;144048259072;93533958144
2026-08-20 20:40:12;raphael;28.9;10.8;15.1;72.4;37.2;4614610944;6490427392;0;0;60.6;144048263168;93533954048
2026-08-20 20:40:15;raphael;27.3;11.2;15.6;71.5;37.3;4614963200;6475190272;0;0;60.6;144048267264;93533949952
2026-08-20 20:40:18;raphael;29.6;12.0;15.1;71.2;37.6;4621082624;6423875584;0;0;60.6;144048267264;93533949952
2026-08-20 20:40:21;raphael;27.7;10.5;15.4;72.4;37.3;4622663680;6472257536;0;0;60.6;144048267264;93533949952
2026-08-20 20:40:24;raphael;32.2;11.7;14.7;71.3;37.0;4613017600;6517264384;0;0;60.6;144048267264;93533949952
2026-08-20 20:40:27;raphael;28.4;11.1;15.1;72.2;37.0;4614905856;6522032128;0;0;60.6;144048267264;93533949952
2026-08-20 20:40:30;raphael;25.4;8.4;13.2;76.8;37.0;4614737920;6503313408;0;0;60.6;144048066560;93534150656
2026-08-20 20:40:33;raphael;29.8;11.1;14.9;72.3;37.0;4573679616;6502027264;0;0;60.6;144048066560;93534150656
2026-08-20 20:40:36;raphael;27.5;10.2;15.4;72.8;36.8;4579917824;6548631552;0;0;60.6;144048058368;93534158848
2026-08-20 20:40:39;raphael;27.6;10.9;15.2;72.2;36.8;4586098688;6547243008;0;0;60.6;144048058368;93534158848
2026-08-20 20:40:42;raphael;30.6;10.8;14.8;72.6;37.2;4592349184;6469373952;0;0;60.6;144048058368;93534158848
2026-08-20 20:40:45;raphael;26.9;11.1;15.0;72.1;36.9;4594352128;6526763008;0;0;60.6;144048058368;93534158848
2026-08-20 20:40:48;raphael;28.4;11.7;15.1;71.4;36.7;4587606016;6553935872;0;0;60.6;144048058368;93534158848
2026-08-20 20:40:51;raphael;28.0;11.2;15.3;71.9;36.7;4585164800;6554537984;0;0;60.6;144048058368;93534158848
2026-08-20 20:40:54;raphael;28.3;8.6;11.9;76.9;37.1;4589461504;6480859136;0;0;60.6;144047865856;93534351360
2026-08-20 20:40:57;raphael;26.0;9.7;15.2;73.4;36.9;4586151936;6521004032;0;0;60.6;144047865856;93534351360
2026-08-20 20:41:00;raphael;26.5;9.5;15.2;73.6;37.2;4587683840;6468276224;0;0;60.6;144047865856;93534351360
2026-08-20 20:41:03;raphael;26.7;10.3;15.4;72.6;37.4;4590587904;6440529920;0;0;60.6;144047865856;93534351360
2026-08-20 20:41:06;raphael;27.7;10.1;15.6;72.5;37.2;4592664576;6464229376;0;0;60.6;144047841280;93534375936
2026-08-20 20:41:09;raphael;27.0;10.4;15.1;72.8;37.1;4592287744;6481838080;0;0;60.6;144047841280;93534375936
2026-08-20 20:41:12;raphael;27.4;12.7;15.3;70.2;37.0;4591976448;6496104448;0;0;60.6;144047841280;93534375936
2026-08-20 20:41:15;raphael;29.9;13.2;15.5;69.5;36.9;4602716160;6515331072;0;0;60.6;144047841280;93534375936
2026-08-20 20:41:18;raphael;32.0;13.1;15.4;69.7;37.2;4602298368;6470987776;0;0;60.6;144047845376;93534371840
2026-08-20 20:41:21;raphael;28.3;11.2;15.2;71.9;37.0;4602961920;6487486464;0;0;60.6;144047640576;93534576640
2026-08-20 20:41:24;raphael;26.8;10.2;14.8;73.3;37.1;4608086016;6470811648;0;0;60.6;144047640576;93534576640
2026-08-20 20:41:27;raphael;27.4;11.2;15.5;71.7;37.3;4610625536;6446698496;0;0;60.6;144047640576;93534576640
2026-08-20 20:41:30;raphael;27.2;11.1;14.9;72.4;37.1;4612636672;6464737280;0;0;60.6;144047640576;93534576640
2026-08-20 20:41:33;raphael;31.7;12.5;15.3;70.5;37.0;4600455168;6486769664;0;0;60.6;144047640576;93534576640
2026-08-20 20:41:36;raphael;27.6;10.2;14.9;73.2;37.2;4595843072;6457331712;0;0;60.6;144047632384;93534584832
2026-08-20 20:41:39;raphael;27.3;11.0;15.3;72.1;37.1;4598415360;6468468736;0;0;60.6;144047632384;93534584832
2026-08-20 20:41:42;raphael;28.0;11.1;15.2;72.1;37.1;4598706176;6477418496;0;0;60.6;144047632384;93534584832
2026-08-20 20:41:45;raphael;25.9;9.1;15.1;74.1;36.8;4599783424;6503120896;0;0;60.6;144047431680;93534785536
2026-08-20 20:41:48;raphael;26.7;9.3;15.4;73.6;36.8;4597284864;6511697920;0;0;60.6;144047431680;93534785536
2026-08-20 20:41:51;raphael;26.1;9.5;15.2;73.7;36.8;4596850688;6512713728;0;0;60.6;144047431680;93534785536
2026-08-20 20:41:54;raphael;26.5;9.6;14.8;74.0;36.8;4599173120;6510505984;0;0;60.6;144047431680;93534785536
2026-08-20 20:41:57;raphael;27.1;10.0;15.1;73.3;36.9;4596547584;6490415104;0;0;60.6;144047431680;93534785536
2026-08-20 20:42:00;raphael;26.7;10.0;14.8;73.6;37.3;4598931456;6425108480;0;0;60.6;144047431680;93534785536
2026-08-20 20:42:03;raphael;27.0;10.3;15.1;73.0;37.0;4604612608;6475214848;0;0;60.6;144047435776;93534781440
2026-08-20 20:42:06;raphael;27.4;10.4;14.9;73.0;37.1;4608851968;6469312512;0;0;60.6;144047484928;93534732288
2026-08-20 20:42:09;raphael;27.4;11.0;14.9;72.4;36.9;4606218240;6493319168;0;0;60.6;144047484928;93534732288
2026-08-20 20:42:12;raphael;21.3;9.1;15.2;74.0;36.9;4611497984;6489337856;0;0;60.6;144047304704;93534912512
2026-08-20 20:42:15;raphael;26.2;10.0;14.8;73.5;36.9;4610428928;6476976128;0;0;60.6;144047267840;93534949376
2026-08-20 20:42:18;raphael;26.0;9.3;15.1;74.0;37.2;4612005888;6433222656;0;0;60.6;144047267840;93534949376
2026-08-20 20:42:21;raphael;26.6;10.7;15.2;72.3;37.1;4613799936;6456832000;0;0;60.6;144047267840;93534949376
2026-08-20 20:42:24;raphael;30.4;12.8;15.2;70.3;37.0;4619522048;6470680576;0;0;60.6;144047267840;93534949376
2026-08-20 20:42:27;raphael;32.7;14.4;15.4;68.3;37.4;4639531008;6403690496;0;0;60.6;144047267840;93534949376
2026-08-20 20:42:30;raphael;30.6;12.4;15.6;70.1;37.4;4653105152;6394945536;0;0;60.6;144047267840;93534949376
2026-08-20 20:42:33;raphael;27.2;10.6;15.7;72.0;37.2;4637913088;6431166464;0;0;60.6;144047267840;93534949376
2026-08-20 20:42:36;raphael;28.1;10.8;15.5;72.2;37.3;4639711232;6424109056;0;0;60.6;144047255552;93534961664
2026-08-20 20:42:39;raphael;25.6;9.2;14.9;74.3;37.0;4642349056;6454763520;0;0;60.6;144047079424;93535137792
2026-08-20 20:42:42;raphael;25.4;9.1;14.8;74.3;36.9;4642451456;6470717440;0;0;60.6;144047079424;93535137792
2026-08-20 20:42:45;raphael;26.2;10.8;15.3;72.2;37.5;4664709120;6372712448;0;0;60.6;144047104000;93535113216
2026-08-20 20:42:48;raphael;27.0;9.4;15.1;73.8;37.5;4659576832;6377979904;0;0;60.6;144047132672;93535084544
2026-08-20 20:42:51;raphael;27.0;13.2;16.3;68.3;37.2;4666560512;6425391104;0;0;60.6;144047132672;93535084544
2026-08-20 20:42:54;raphael;28.1;13.2;16.1;68.3;37.1;4672237568;6435905536;0;0;60.6;144047140864;93535076352
2026-08-20 20:42:57;raphael;31.6;11.9;15.0;71.3;37.2;4671057920;6428930048;0;0;60.6;144047140864;93535076352
2026-08-20 20:43:00;raphael;27.3;10.5;15.5;72.3;37.2;4671991808;6430830592;0;0;60.6;144047144960;93535072256
2026-08-20 20:43:03;raphael;19.3;8.8;14.9;74.8;37.3;4669607936;6398230528;0;0;60.6;144046964736;93535252480
2026-08-20 20:43:06;raphael;27.0;9.3;15.2;73.9;37.5;4675997696;6372724736;0;0;60.6;144049106944;93533110272
2026-08-20 20:43:09;raphael;25.7;9.5;16.2;72.6;37.2;4671705088;6412337152;0;0;60.6;144046923776;93535293440
2026-08-20 20:43:12;raphael;18.9;14.2;20.3;63.3;37.5;4664135680;6362923008;0;0;60.6;144046862336;93535354880
2026-08-20 20:44:28;raphael;34.9;17.1;20.8;59.9;37.4;4645720064;6383288320;0;0;60.6;144046874624;93535342592
2026-08-20 20:44:31;raphael;39.1;15.7;20.1;62.1;37.3;4654080000;6400905216;0;0;60.6;144046837760;93535379456
2026-08-20 20:44:34;raphael;35.6;7.7;13.1;76.5;37.2;4657885184;6403375104;0;0;60.6;144046649344;93535567872
2026-08-20 20:44:37;raphael;33.3;12.3;20.0;65.9;37.3;4658192384;6396694528;0;0;60.6;144046649344;93535567872
2026-08-20 20:44:40;raphael;33.9;12.6;19.8;65.4;37.4;4659531776;6368653312;0;0;60.6;144046649344;93535567872
2026-08-20 20:44:43;raphael;34.8;12.6;19.8;65.8;37.2;4643696640;6408298496;0;0;60.6;144046673920;93535543296
2026-08-20 20:44:46;raphael;35.3;13.8;19.7;64.7;37.5;4645453824;6361956352;0;0;60.6;144046673920;93535543296
2026-08-20 20:44:49;raphael;26.0;11.6;18.9;67.8;37.3;4634488832;6373351424;0;0;60.6;144046473216;93535744000
2026-08-20 20:44:52;raphael;34.3;12.4;19.8;65.9;37.1;4641198080;6402318336;0;0;60.6;144046473216;93535744000
2026-08-20 20:44:55;raphael;34.6;12.8;19.7;65.3;37.2;4641796096;6390132736;0;0;60.6;144046485504;93535731712
2026-08-20 20:44:58;raphael;35.1;13.4;19.6;65.2;37.3;4640030720;6377242624;0;0;60.6;144046571520;93535645696
2026-08-20 20:45:01;raphael;35.7;14.2;19.8;64.1;37.2;4636884992;6395719680;0;0;60.6;144046571520;93535645696
2026-08-20 20:45:04;raphael;33.8;12.0;19.9;66.0;37.3;4638846976;6364688384;0;0;60.6;144046387200;93535830016
2026-08-20 20:45:07;raphael;34.6;12.8;20.1;65.3;37.1;4639997952;6403248128;0;0;60.6;144046395392;93535821824
2026-08-20 20:45:10;raphael;34.8;13.2;20.2;64.6;37.2;4639797248;6389452800;0;0;60.6;144046395392;93535821824
2026-08-20 20:45:13;raphael;35.4;13.3;20.4;64.6;37.6;4623990784;6313017344;0;0;60.6;144046370816;93535846400
2026-08-20 20:45:16;raphael;35.7;14.2;19.6;64.3;37.4;4624785408;6343426048;0;0;60.6;144046370816;93535846400
2026-08-20 20:45:19;raphael;35.9;18.2;21.5;58.1;37.6;4658135040;6317236224;0;0;60.6;144046391296;93535825920
2026-08-20 20:45:22;raphael;42.2;18.8;19.9;59.0;37.7;4684312576;6302097408;0;0;60.6;144046407680;93535809536
2026-08-20 20:45:25;raphael;36.3;14.2;20.4;63.5;37.6;4700200960;6306811904;0;0;60.6;144046223360;93535993856
2026-08-20 20:45:28;raphael;41.5;14.9;20.6;62.3;37.4;4697153536;6340947968;0;0;60.6;144046264320;93535952896
2026-08-20 20:45:31;raphael;36.7;15.3;19.7;62.8;37.6;4692463616;6303817728;0;0;60.6;144046243840;93535973376
2026-08-20 20:45:34;raphael;37.6;16.5;20.8;60.4;37.6;4697391104;6302384128;0;0;60.6;144046243840;93535973376
2026-08-20 20:45:37;raphael;41.6;15.4;20.2;62.2;37.6;4700209152;6304948224;0;0;60.6;144046243840;93535973376
