2026-08-20 12:14:27;livia;7.1;livia2.5;0.8;96.7;91.5;11526213632;1069797376;1371373568;12050399232;30.1;153650819072;356071407616
2026-08-20 12:14:30;livia;4.7;0.8;2.1;96.9;91.6;11540230144;1055780864;1371373568;12050399232;30.1;153650925568;356071301120
2026-08-20 12:14:33;livia;11.6;3.9;6.2;88.4;91.5;11521626112;1074384896;1371373568;12050399232;30.1;153650925568;356071301120
2026-08-20 12:14:36;livia;6.3;1.6;4.2;94.0;91.5;11525951488;1070059520;1371373568;12050399232;30.1;153650929664;356071297024
2026-08-20 12:14:39;livia;4.7;2.9;2.1;94.8;90.4;11384471552;1211539456;1372655616;12049117184;30.1;153650929664;356071297024
2026-08-20 12:14:42;livia;5.2;4.0;3.9;91.5;90.2;11361501184;1234509824;1372655616;12049117184;30.1;153650929664;356071297024
2026-08-20 12:14:45;livia;6.1;2.1;4.3;93.2;89.9;11319017472;1276993536;1372655616;12049117184;30.1;153650954240;356071272448
2026-08-20 12:14:48;livia;6.0;0.9;2.3;96.6;89.9;11324747776;1271263232;1372655616;12049117184;30.1;153650958336;356071268352
2026-08-20 12:14:51;livia;6.9;2.2;2.0;95.6;90.0;11331854336;1264156672;1372655616;12049117184;30.1;153650958336;356071268352
2026-08-20 12:14:54;livia;7.7;3.5;4.5;91.1;90.0;11339980800;1256030208;1372655616;12049117184;30.1;153650958336;356071268352
2026-08-20 12:14:57;livia;12.2;4.2;4.9;89.8;90.1;11353518080;1242492928;1372655616;12049117184;30.1;153650958336;356071268352
2026-08-20 12:15:00;livia;10.9;3.1;2.3;94.3;90.2;11363422208;1232588800;1372655616;12049117184;30.1;153650958336;356071268352
2026-08-20 12:15:03;livia;15.6;4.4;5.7;88.8;90.8;11433803776;1162207232;1372655616;12049117184;30.1;153651097600;356071129088
2026-08-20 12:15:06;livia;10.7;3.5;4.4;91.2;90.5;11405508608;1190502400;1372655616;12049117184;30.1;153651097600;356071129088
2026-08-20 12:15:09;livia;17.5;15.8;3.7;80.0;90.6;11415588864;1180422144;1372655616;12049117184;30.1;153651097600;356071129088
2026-08-20 12:15:12;livia;10.2;3.2;4.1;91.8;90.4;11384762368;1211248640;1372655616;12049117184;30.1;153651101696;356071124992
2026-08-20 12:15:15;livia;12.8;4.2;5.2;90.1;90.3;11374215168;1221795840;1372655616;12049117184;30.1;153651167232;356071059456
2026-08-20 12:15:18;livia;7.2;4.9;5.1;89.6;90.1;11348738048;1247272960;1372655616;12049117184;30.1;153651167232;356071059456
2026-08-20 12:15:21;livia;9.9;8.1;3.1;88.8;90.3;11371261952;1224749056;1372655616;12049117184;30.1;153655468032;356066758656
2026-08-20 12:15:24;livia;22.4;3.8;3.8;91.7;90.5;11402452992;1193558016;1372655616;12049117184;30.1;153655668736;356066557952
2026-08-20 12:15:27;livia;7.3;2.2;2.3;95.1;90.4;11388084224;1207926784;1372655616;12049117184;30.1;153655668736;356066557952
2026-08-20 12:15:30;livia;7.5;2.6;1.7;95.3;90.3;11367968768;1228042240;1372655616;12049117184;30.1;153655672832;356066553856
2026-08-20 12:15:33;livia;5.8;3.0;2.7;93.8;90.6;11407962112;1188048896;1372655616;12049117184;30.1;153655672832;356066553856
2026-08-20 12:15:36;livia;5.3;2.5;2.7;94.2;90.5;11396759552;1199251456;1372655616;12049117184;30.1;153655672832;356066553856
2026-08-20 12:15:39;livia;8.8;2.0;1.6;96.3;90.3;11369721856;1226289152;1372655616;12049117184;30.1;153655672832;356066553856
2026-08-20 12:15:42;livia;12.2;5.0;3.1;91.3;90.5;11399024640;1196986368;1372655616;12049117184;30.1;153655672832;356066553856
2026-08-20 12:15:45;livia;7.9;7.4;2.6;89.9;90.5;11396132864;1199878144;1372655616;12049117184;30.1;153655635968;356066590720
2026-08-20 12:15:48;livia;8.4;2.3;2.7;94.1;90.4;11383848960;1212162048;1372393472;12049379328;30.1;153655635968;356066590720
2026-08-20 12:15:51;livia;4.6;4.8;2.9;91.9;90.4;11391807488;1204203520;1372393472;12049379328;30.1;153655635968;356066590720
2026-08-20 12:15:54;livia;7.6;4.9;3.1;91.5;90.5;11402121216;1193889792;1372393472;12049379328;30.1;153655635968;356066590720
2026-08-20 12:15:57;livia;3.4;8.0;1.9;89.6;90.5;11405582336;1190428672;1372393472;12049379328;30.1;153655640064;356066586624
2026-08-20 12:16:00;livia;7.6;6.0;4.3;89.0;90.6;11415650304;1180360704;1372393472;12049379328;30.1;153655640064;356066586624
2026-08-20 12:16:03;livia;4.6;6.3;4.1;89.2;90.5;11394666496;1201344512;1372393472;12049379328;30.1;153655644160;356066582528
2026-08-20 12:16:06;livia;7.6;3.0;3.5;93.4;90.5;11400212480;1195798528;1372393472;12049379328;30.1;153655709696;356066516992
2026-08-20 12:16:09;livia;4.9;2.0;1.1;96.8;90.5;11399569408;1196441600;1372393472;12049379328;30.1;153655713792;356066512896
2026-08-20 12:16:12;livia;5.0;4.6;1.2;93.8;90.5;11400097792;1195913216;1372393472;12049379328;30.1;153655713792;356066512896
2026-08-20 12:16:15;livia;2.4;2.3;1.4;96.2;90.4;11392450560;1203560448;1372393472;12049379328;30.1;153655713792;356066512896
2026-08-20 12:16:18;livia;3.6;1.4;1.9;96.2;90.4;11389304832;1206706176;1372393472;12049379328;30.1;153655713792;356066512896
2026-08-20 12:16:21;livia;4.9;6.3;2.6;90.4;90.3;11376824320;1219186688;1372393472;12049379328;30.1;153655713792;356066512896
2026-08-20 12:16:24;livia;4.8;0.9;1.6;97.1;90.3;11377287168;1218723840;1372393472;12049379328;30.1;153655713792;356066512896
2026-08-20 12:16:27;livia;3.9;2.7;3.4;93.8;89.9;11317985280;1278025728;1372393472;12049379328;30.1;153647325184;356074901504
2026-08-20 12:16:30;livia;4.7;1.7;1.9;96.1;89.8;11316326400;1279684608;1372393472;12049379328;30.1;153647325184;356074901504
2026-08-20 12:16:33;livia;5.7;1.7;1.4;96.5;89.8;11316928512;1279082496;1372393472;12049379328;30.1;153647325184;356074901504
2026-08-20 12:16:36;livia;3.8;6.2;2.3;91.1;90.0;11334053888;1261957120;1372393472;12049379328;30.1;153647259648;356074967040
2026-08-20 12:16:39;livia;10.2;2.2;3.2;93.9;89.9;11326017536;1269993472;1372393472;12049379328;30.1;153647267840;356074958848
2026-08-20 12:16:42;livia;10.2;4.7;5.5;89.2;90.1;11353063424;1242947584;1372393472;12049379328;30.1;153647337472;356074889216
2026-08-20 12:16:45;livia;9.8;3.2;2.6;93.9;90.2;11361357824;1234653184;1372393472;12049379328;30.1;153647362048;356074864640
2026-08-20 12:16:48;livia;8.4;1.4;1.2;97.1;90.2;11366121472;1229889536;1372393472;12049379328;30.1;153647362048;356074864640
2026-08-20 12:16:51;livia;8.1;3.0;1.4;95.3;90.3;11371520000;1224491008;1372393472;12049379328;30.1;153647362048;356074864640
2026-08-20 12:16:54;livia;9.8;5.1;5.6;88.1;90.2;11361472512;1234538496;1372393472;12049379328;30.1;153647362048;356074864640
2026-08-20 12:16:57;livia;8.1;9.5;5.0;85.1;90.2;11358547968;1237463040;1372393472;12049379328;30.1;153647554560;356074672128
2026-08-20 12:17:00;livia;8.1;5.8;4.9;89.0;90.4;11382607872;1213403136;1372393472;12049379328;30.1;153647751168;356074475520
2026-08-20 12:17:03;livia;6.4;3.9;3.9;91.5;90.5;11404021760;1191989248;1372393472;12049379328;30.1;153647751168;356074475520
2026-08-23 19:31:00;livia;18.7;7.1;6.8;84.9;87.8;11057102848;1538908160;2796879872;10624892928;31.3;159590387712;350131838976
2026-08-23 19:31:03;livia;13.6;16.2;16.3;66.8;88.5;11144114176;1451896832;2796879872;10624892928;31.3;159590834176;350131392512
2026-08-23 19:31:06;livia;18.0;6.8;6.5;85.6;88.1;11101974528;1494036480;2796879872;10624892928;31.3;159590834176;350131392512
2026-08-23 19:31:09;livia;15.4;5.4;6.3;86.5;88.2;11103825920;1492185088;2796879872;10624892928;31.3;159590834176;350131392512
2026-08-23 19:31:12;livia;22.2;9.0;6.8;82.6;88.0;11088760832;1507250176;2796879872;10624892928;31.3;159590834176;350131392512
2026-08-23 19:31:15;livia;19.6;7.4;6.4;84.6;87.9;11074932736;1521078272;2796879872;10624892928;31.3;159590834176;350131392512
2026-08-23 19:31:18;livia;20.2;8.2;7.2;83.0;88.3;11117096960;1478914048;2796879872;10624892928;31.3;159590834176;350131392512
2026-08-23 19:31:23;livia;14.5;5.3;4.0;89.6;88.3;11126538240;1469472768;2796879872;10624892928;31.3;159591190528;350131036160
2026-08-23 19:31:26;livia;14.0;13.5;7.6;77.4;88.6;11154612224;1441398784;2796879872;10624892928;31.3;159590223872;350132002816
2026-08-23 19:31:29;livia;22.6;7.1;9.3;81.7;88.5;11145801728;1450209280;2796879872;10624892928;31.3;159590223872;350132002816
2026-08-23 19:31:32;livia;14.9;5.3;5.0;89.1;88.1;11101208576;1494802432;2739253248;10682519552;31.3;159585337344;350136889344
2026-08-23 19:31:35;livia;17.6;10.7;4.1;84.5;88.2;11115061248;1480949760;2739253248;10682519552;31.3;159585337344;350136889344
2026-08-23 19:31:38;livia;30.2;24.4;10.1;64.4;88.8;11188420608;1407590400;2739122176;10682650624;31.3;159591833600;350130393088
2026-08-23 19:31:41;livia;35.9;24.2;8.6;66.2;88.7;11172761600;1423249408;2738991104;10682781696;31.3;159593697280;350128529408
2026-08-23 19:31:44;livia;18.0;12.2;3.9;82.6;88.8;11187617792;1408393216;2738860032;10682912768;31.3;159583748096;350138478592
2026-08-23 19:31:47;livia;25.5;15.9;5.9;76.9;89.0;11204902912;1391108096;2738597888;10683174912;31.3;159583752192;350138474496
2026-08-23 19:31:50;livia;21.1;17.3;5.4;76.2;88.8;11189669888;1406341120;2738597888;10683174912;31.3;159583752192;350138474496
2026-08-23 19:31:53;livia;11.7;3.8;5.8;88.3;88.6;11164082176;1431928832;2738597888;10683174912;31.3;159583752192;350138474496
2026-08-23 19:31:56;livia;14.2;5.0;3.8;89.5;88.6;11164282880;1431728128;2738597888;10683174912;31.3;159583752192;350138474496
2026-08-23 19:31:59;livia;10.7;5.6;5.1;88.6;88.6;11157643264;1438367744;2738597888;10683174912;31.3;159583752192;350138474496
2026-08-23 19:32:02;livia;13.6;9.6;6.0;83.5;88.8;11184386048;1411624960;2738597888;10683174912;31.3;159588048896;350134177792
2026-08-23 19:32:05;livia;14.8;5.6;7.3;86.1;88.8;11188850688;1407160320;2738597888;10683174912;31.3;159588048896;350134177792
2026-08-23 19:32:08;livia;16.3;3.6;3.9;92.0;88.8;11190165504;1405845504;2737942528;10683830272;31.3;159588909056;350133317632
2026-08-23 19:32:11;livia;25.1;15.5;6.8;76.5;89.0;11212558336;1383452672;2737156096;10684616704;31.3;159589003264;350133223424
2026-08-23 19:32:22;livia;16.5;9.0;9.0;80.9;88.3;11125862400;1470148608;2737025024;10684747776;31.3;159590166528;350132060160
2026-08-23 19:32:25;livia;14.7;9.8;2.9;86.9;88.4;11129856000;1466155008;2737025024;10684747776;31.3;159590166528;350132060160
2026-08-23 19:32:28;livia;11.6;8.8;7.1;82.7;87.7;11047649280;1548361728;2736238592;10685534208;31.3;159590166528;350132060160
2026-08-23 19:32:31;livia;13.1;8.3;5.0;86.3;87.5;11021627392;1574383616;2735845376;10685927424;31.3;159590277120;350131949568
2026-08-23 19:32:34;livia;14.5;4.8;4.5;90.0;87.4;11004436480;1591574528;2735845376;10685927424;31.3;159590277120;350131949568
2026-08-23 19:32:37;livia;27.5;14.7;5.1;78.5;88.1;11094683648;1501327360;2734927872;10686844928;31.3;159590559744;350131666944
2026-08-23 19:32:40;livia;27.7;20.4;8.5;68.9;88.2;11108769792;1487241216;2734665728;10687107072;31.3;159591215104;350131011584
2026-08-23 19:32:43;livia;15.3;6.1;3.4;90.0;88.2;11105136640;1490874368;2734403584;10687369216;31.3;159590817792;350131408896
2026-08-23 19:32:48;livia;12.4;8.3;9.0;81.3;88.2;11104944128;1491066880;2734403584;10687369216;31.3;159590817792;350131408896
2026-08-23 19:32:51;livia;21.0;20.6;7.5;70.7;88.1;11101966336;1494044672;2734141440;10687631360;31.3;159590817792;350131408896
2026-08-23 19:32:54;livia;32.7;15.9;6.8;75.6;88.1;11098251264;1497759744;2734010368;10687762432;31.3;159590817792;350131408896
2026-08-23 19:32:57;livia;16.9;8.7;5.2;84.5;88.5;11144298496;1451712512;2733879296;10687893504;31.3;159590821888;350131404800
2026-08-23 19:33:00;livia;15.4;14.6;8.3;76.2;88.5;11147096064;1448914944;2733748224;10688024576;31.3;159590821888;350131404800
2026-08-23 19:33:03;livia;29.6;20.6;5.3;73.5;89.0;11210653696;1385357312;2733617152;10688155648;31.3;159590821888;350131404800
2026-08-23 19:33:06;livia;46.3;20.7;9.8;68.0;89.1;11222802432;1373208576;2733486080;10688286720;31.3;159591899136;350130327552
2026-08-23 19:33:09;livia;12.8;9.7;5.0;84.4;89.0;11216019456;1379991552;2733223936;10688548864;31.3;159591022592;350131204096
2026-08-23 19:33:12;livia;14.6;6.9;3.7;87.9;88.9;11195371520;1400639488;2732699648;10689073152;31.3;159590957056;350131269632
2026-08-23 19:33:15;livia;19.2;16.7;11.2;69.5;88.6;11162738688;1433272320;2732568576;10689204224;31.3;159591022592;350131204096
2026-08-23 19:33:18;livia;14.9;5.4;6.8;86.3;88.5;11146166272;1449844736;2732306432;10689466368;31.3;159591022592;350131204096
2026-08-23 19:33:21;livia;12.3;5.4;4.0;89.2;88.4;11132801024;1463209984;2731651072;10690121728;31.3;159591022592;350131204096
2026-08-23 19:33:24;livia;12.8;5.1;5.1;88.3;88.2;11110596608;1485414400;2731651072;10690121728;31.3;159591022592;350131204096
2026-08-23 19:33:27;livia;12.3;14.5;8.7;74.5;88.4;11131830272;1464180736;2731520000;10690252800;31.3;159600091136;350122135552
2026-08-23 19:33:30;livia;35.0;23.8;17.1;56.5;89.1;11225587712;1370423296;2725228544;10696544256;31.3;159589306368;350132920320
2026-08-23 19:33:33;livia;23.9;7.4;9.2;81.5;89.0;11212161024;1383849984;2724966400;10696806400;31.3;159591227392;350130999296
2026-08-23 19:33:39;livia;23.2;9.4;6.4;82.9;89.2;11233247232;1362763776;2724179968;10697592832;31.3;159596077056;350126149632
2026-08-23 19:33:42;livia;24.7;12.3;5.9;80.5;89.3;11242258432;1353752576;2724179968;10697592832;31.3;159596175360;350126051328
2026-08-23 19:33:45;livia;11.9;8.4;4.2;86.5;88.9;11202453504;1393557504;2724179968;10697592832;31.3;159596175360;350126051328
2026-08-23 19:33:48;livia;14.1;4.8;4.6;89.3;88.4;11129630720;1466380288;2739662848;10682109952;31.3;159596240896;350125985792
2026-08-23 19:33:51;livia;22.8;12.7;9.7;77.0;88.1;11098419200;1497591808;2739662848;10682109952;31.3;159597027328;350125199360
2026-08-23 19:33:54;livia;22.2;14.2;11.2;73.0;88.1;11100753920;1495257088;2739662848;10682109952;31.3;159594430464;350127796224
2026-08-23 19:33:57;livia;32.8;6.2;4.5;88.2;88.0;11086979072;1509031936;2739400704;10682372096;31.3;159596068864;350126157824
2026-08-23 19:34:00;livia;13.5;5.6;4.7;88.3;88.0;11086110720;1509900288;2739400704;10682372096;31.3;159596068864;350126157824
2026-08-23 19:34:03;livia;12.1;4.4;4.2;89.7;88.0;11083366400;1512644608;2739400704;10682372096;31.3;159596068864;350126157824
2026-08-23 19:34:06;livia;17.9;6.2;4.9;87.6;88.1;11092676608;1503334400;2738876416;10682896384;31.3;159596068864;350126157824
2026-08-23 19:34:09;livia;13.9;5.1;3.5;91.0;88.1;11094929408;1501081600;2738876416;10682896384;31.3;159596068864;350126157824
2026-08-23 19:34:12;livia;15.6;9.7;10.1;77.8;88.4;11129782272;1466228736;2738876416;10682896384;31.3;159596404736;350125821952
2026-08-23 19:34:15;livia;16.6;15.7;8.4;75.3;90.2;11366354944;1229656064;2721128448;10700644352;31.3;159594504192;350127722496
2026-08-23 19:34:18;livia;19.4;16.0;10.5;70.8;90.4;11381071872;1214939136;2721128448;10700644352;31.3;159594569728;350127656960
2026-08-23 19:34:21;livia;24.5;8.3;4.3;86.1;90.1;11342897152;1253113856;2721128448;10700644352;31.3;159596474368;350125752320
2026-08-23 19:34:24;livia;10.9;4.7;3.6;90.9;89.7;11298533376;1297477632;2721128448;10700644352;31.3;159596974080;350125252608
2026-08-23 19:34:27;livia;12.7;5.3;7.2;85.6;89.4;11261014016;1334996992;2721128448;10700644352;31.3;159596974080;350125252608
2026-08-23 19:34:30;livia;22.6;7.3;5.7;85.7;89.6;11287867392;1308143616;2720997376;10700775424;31.3;159596974080;350125252608
2026-08-23 19:34:33;livia;17.1;6.0;4.6;88.2;89.6;11287539712;1308471296;2720997376;10700775424;31.3;159596994560;350125232128
2026-08-23 19:34:36;livia;27.5;8.0;6.5;84.8;89.7;11302682624;1293328384;2720866304;10700906496;31.3;159594696704;350127529984
2026-08-23 19:34:39;livia;14.3;8.3;5.0;85.4;89.8;11310125056;1285885952;2720866304;10700906496;31.3;159594696704;350127529984
2026-08-23 19:34:42;livia;27.7;16.5;8.4;74.2;90.3;11369267200;1226743808;2720866304;10700906496;31.3;159596711936;350125514752
2026-08-23 19:34:45;livia;17.8;10.7;8.4;79.5;90.1;11347525632;1248485376;2720866304;10700906496;31.3;159595520000;350126706688
2026-08-23 19:34:48;livia;8.0;3.8;5.2;89.6;90.1;11350679552;1245331456;2720866304;10700906496;31.3;159595585536;350126641152
2026-08-23 19:34:51;livia;10.1;4.4;2.8;92.2;90.1;11344539648;1251471360;2720866304;10700906496;31.3;159595585536;350126641152
2026-08-23 19:34:54;livia;13.4;10.5;6.2;81.5;88.7;11175960576;1420050432;2720866304;10700906496;31.3;159595585536;350126641152
2026-08-23 19:34:57;livia;14.7;11.6;6.5;79.8;88.8;11183181824;1412829184;2720866304;10700906496;31.3;159596503040;350125723648
2026-08-23 19:35:00;livia;9.8;6.4;4.7;88.2;88.8;11180961792;1415049216;2720866304;10700906496;31.3;159596822528;350125404160
2026-08-23 19:35:03;livia;10.4;4.3;4.6;89.8;88.8;11188215808;1407795200;2720866304;10700906496;31.3;159596969984;350125256704
2026-08-23 19:35:06;livia;25.3;18.1;7.6;73.1;89.4;11265691648;1330319360;2720866304;10700906496;31.3;159596457984;350125768704
2026-08-23 19:35:09;livia;17.6;9.0;3.3;86.9;88.5;11153039360;1442971648;2720866304;10700906496;31.3;159596650496;350125576192
2026-08-23 19:35:12;livia;18.2;3.7;4.0;91.4;88.3;11116605440;1479405568;2720866304;10700906496;31.3;159596650496;350125576192
2026-08-23 19:35:15;livia;7.8;9.7;3.6;85.9;87.9;11072790528;1523220480;2720866304;10700906496;31.3;159596650496;350125576192
2026-08-23 19:35:18;livia;18.9;8.3;4.4;86.6;87.9;11067985920;1528025088;2720866304;10700906496;31.3;159596650496;350125576192
2026-08-23 19:35:21;livia;20.5;6.4;5.1;87.9;87.8;11058642944;1537368064;2720866304;10700906496;31.3;159595175936;350127050752
2026-08-23 19:35:24;livia;8.0;3.3;13.4;82.6;87.1;10965651456;1630359552;2748608512;10673164288;31.3;159595175936;350127050752
2026-08-23 19:35:27;livia;11.2;10.0;10.5;78.7;85.3;10738642944;1857368064;2748833792;10672939008;31.3;159594582016;350127644672
2026-08-23 19:35:30;livia;32.1;4.2;5.1;89.6;85.4;10762997760;1833013248;2748833792;10672939008;31.3;159596003328;350126223360
2026-08-23 19:35:33;livia;6.6;3.1;4.2;92.1;85.3;10750656512;1845354496;2748833792;10672939008;31.3;159596462080;350125764608
2026-08-23 19:35:36;livia;6.7;5.1;3.0;91.2;85.4;10760839168;1835171840;2748833792;10672939008;31.3;159596462080;350125764608
2026-08-23 19:35:39;livia;8.9;2.9;2.9;93.6;84.9;10697728000;1898283008;2748833792;10672939008;31.3;159588757504;350133469184
2026-08-23 19:35:42;livia;11.7;4.2;3.5;91.9;85.3;10744926208;1851084800;2748833792;10672939008;31.3;159589478400;350132748288
2026-08-23 19:35:45;livia;12.7;3.4;3.1;92.7;85.1;10723926016;1872084992;2748833792;10672939008;31.3;159589482496;350132744192
2026-08-23 19:35:48;livia;10.0;3.6;2.6;93.0;85.1;10720370688;1875640320;2748833792;10672939008;31.3;159589482496;350132744192
2026-08-23 19:35:51;livia;22.5;14.5;4.9;80.3;85.7;10789945344;1806065664;2748833792;10672939008;31.3;159588384768;350133841920
2026-08-23 19:35:54;livia;11.5;5.3;4.4;90.0;85.1;10722529280;1873481728;2748833792;10672939008;31.3;159587868672;350134358016
2026-08-23 19:35:57;livia;8.2;3.7;2.8;92.6;85.1;10717630464;1878380544;2748833792;10672939008;31.3;159587868672;350134358016
2026-08-23 19:36:00;livia;7.5;4.8;4.6;89.8;85.1;10719272960;1876738048;2748833792;10672939008;31.3;159587872768;350134353920
2026-08-23 19:36:03;livia;18.4;19.1;7.4;71.9;85.1;10718035968;1877975040;2748833792;10672939008;31.3;159588536320;350133690368
2026-08-23 19:36:06;livia;8.8;3.1;2.6;93.4;84.8;10676080640;1919930368;2748833792;10672939008;31.3;159588540416;350133686272
2026-08-23 19:36:09;livia;10.7;3.9;4.3;90.9;84.7;10669735936;1926275072;2748833792;10672939008;31.3;159588540416;350133686272
2026-08-23 19:36:12;livia;10.8;4.6;2.5;92.8;84.8;10682810368;1913200640;2748833792;10672939008;31.3;159588544512;350133682176
2026-08-23 19:36:15;livia;19.1;22.0;6.9;69.5;85.0;10703339520;1892671488;2748833792;10672939008;31.3;159587942400;350134284288
2026-08-23 19:36:18;livia;6.6;3.3;3.1;93.2;85.1;10721521664;1874489344;2748702720;10673070080;31.3;159588352000;350133874688
2026-08-23 19:36:21;livia;8.5;2.7;3.6;92.8;85.1;10720763904;1875247104;2747785216;10673987584;31.3;159588438016;350133788672
2026-08-23 19:36:24;livia;14.9;13.6;8.2;77.0;86.4;10888536064;1707474944;2670776320;10750996480;31.3;159588503552;350133723136
2026-08-23 19:36:27;livia;10.3;4.8;3.3;90.3;86.2;10857984000;1738027008;2670776320;10750996480;31.3;159589556224;350132670464
2026-08-23 19:36:30;livia;10.8;5.0;5.4;88.9;86.6;10911936512;1684074496;2669072384;10752700416;31.3;159593951232;350128275456
2026-08-23 19:36:33;livia;9.6;3.2;2.2;94.0;86.6;10909061120;1686949888;2669072384;10752700416;31.3;159593955328;350128271360
2026-08-23 19:36:36;livia;8.8;11.4;4.8;82.9;86.8;10929475584;1666535424;2669072384;10752700416;31.3;159593959424;350128267264
2026-08-23 19:36:39;livia;30.1;4.6;4.6;89.3;86.9;10940506112;1655504896;2669072384;10752700416;31.3;159588933632;350133293056
2026-08-23 19:36:42;livia;11.1;5.1;2.5;92.2;86.7;10918330368;1677680640;2669072384;10752700416;31.3;159589097472;350133129216
2026-08-23 19:36:45;livia;7.7;6.7;4.1;88.8;86.7;10925260800;1670750208;2669072384;10752700416;31.3;159589097472;350133129216
2026-08-23 19:36:48;livia;13.9;2.4;3.8;93.3;87.0;10952966144;1643044864;2669072384;10752700416;31.3;159590211584;350132015104
2026-08-23 19:36:51;livia;8.9;3.3;3.3;92.8;87.0;10953814016;1642196992;2669072384;10752700416;31.3;159590211584;350132015104
2026-08-23 19:36:54;livia;10.2;2.9;2.7;93.9;86.9;10950664192;1645346816;2669072384;10752700416;31.3;159590211584;350132015104
2026-08-23 19:36:57;livia;10.9;4.3;4.1;90.6;86.9;10941829120;1654181888;2669072384;10752700416;31.3;159590211584;350132015104
2026-08-23 19:37:00;livia;15.5;16.6;7.2;75.4;87.3;10999820288;1596190720;2669072384;10752700416;31.3;159598284800;350123941888
2026-08-23 19:37:03;livia;10.2;5.0;2.8;91.8;86.8;10934464512;1661546496;2669072384;10752700416;31.3;159605964800;350116261888
2026-08-23 19:37:06;livia;8.5;2.6;2.8;93.7;86.8;10937249792;1658761216;2669072384;10752700416;31.3;159605964800;350116261888
2026-08-23 19:37:09;livia;12.5;6.8;3.7;88.9;87.1;10966917120;1629093888;2669072384;10752700416;31.3;159588995072;350133231616
2026-08-23 19:37:12;livia;7.9;2.2;2.7;94.4;87.0;10959462400;1636548608;2669072384;10752700416;31.3;159588995072;350133231616
2026-08-23 19:37:15;livia;6.7;2.3;2.7;94.2;87.0;10955898880;1640112128;2669072384;10752700416;31.3;159588995072;350133231616
2026-08-23 19:37:18;livia;7.6;3.2;3.2;93.4;87.0;10958172160;1637838848;2669072384;10752700416;31.3;159588552704;350133673984
2026-08-23 19:37:21;livia;9.2;3.4;3.0;93.3;87.0;10960633856;1635377152;2669072384;10752700416;31.3;159588618240;350133608448
2026-08-23 19:37:24;livia;25.2;21.4;7.9;69.7;87.0;10954534912;1641476096;2669072384;10752700416;31.3;159590850560;350131376128
2026-08-23 19:37:27;livia;8.0;4.9;3.4;90.9;86.8;10933493760;1662517248;2669072384;10752700416;31.3;159590920192;350131306496
2026-08-23 19:37:30;livia;10.1;12.8;8.1;78.3;86.9;10949263360;1646747648;2669072384;10752700416;31.3;159591006208;350131220480
2026-08-23 19:37:33;livia;12.8;14.4;5.6;78.7;86.9;10946629632;1649381376;2669072384;10752700416;31.3;159588806656;350133420032
2026-08-23 19:37:36;livia;35.0;11.1;6.0;81.8;88.4;11136311296;1459699712;2669072384;10752700416;31.3;159590215680;350132011008
2026-08-23 19:37:39;livia;19.5;5.0;5.5;88.6;88.3;11120689152;1475321856;2669072384;10752700416;31.3;159590219776;350132006912
2026-08-23 19:37:42;livia;15.3;3.8;3.8;91.7;88.4;11138314240;1457696768;2615996416;10805776384;31.3;159590285312;350131941376
2026-08-23 19:37:45;livia;15.5;12.2;7.8;78.3;88.4;11140341760;1455669248;2615996416;10805776384;31.3;159590285312;350131941376
2026-08-23 19:37:48;livia;28.3;11.2;8.4;79.1;88.3;11126771712;1469239296;2615996416;10805776384;31.3;159589343232;350132883456
2026-08-23 19:37:51;livia;13.3;6.2;3.5;90.1;88.4;11132841984;1463169024;2615996416;10805776384;31.3;159590072320;350132154368
2026-08-23 19:37:54;livia;12.2;4.8;3.5;91.1;88.6;11159048192;1436962816;2615996416;10805776384;31.3;159590555648;350131671040
2026-08-23 19:37:57;livia;17.0;13.3;5.1;81.0;88.4;11131772928;1464238080;2615996416;10805776384;31.3;159590555648;350131671040
2026-08-23 19:38:00;livia;17.9;5.0;5.2;88.4;88.1;11101769728;1494241280;2615996416;10805776384;31.3;159590555648;350131671040
2026-08-23 19:38:03;livia;10.7;5.8;6.3;86.7;88.1;11094409216;1501601792;2615996416;10805776384;31.3;159590555648;350131671040
2026-08-23 19:38:06;livia;8.8;8.1;6.3;84.0;88.2;11113041920;1482969088;2615996416;10805776384;31.3;159590555648;350131671040
2026-08-23 19:38:09;livia;26.7;12.7;6.0;80.4;87.8;11061022720;1534988288;2727227392;10694545408;31.3;159590621184;350131605504
2026-08-23 19:38:12;livia;24.7;9.8;4.3;84.3;87.9;11076481024;1519529984;2727227392;10694545408;31.3;159590285312;350131941376
2026-08-23 19:38:15;livia;17.3;10.4;5.8;83.0;87.6;11030970368;1565040640;2727227392;10694545408;31.3;159591202816;350131023872
2026-08-23 19:38:18;livia;12.0;4.2;3.9;91.2;87.5;11027374080;1568636928;2727227392;10694545408;31.3;159591202816;350131023872
2026-08-23 19:38:21;livia;12.3;4.0;2.8;92.4;87.6;11030183936;1565827072;2727227392;10694545408;31.3;159591202816;350131023872
2026-08-23 19:38:24;livia;9.9;3.9;5.1;90.3;87.7;11045912576;1550098432;2727227392;10694545408;31.3;159590043648;350132183040
2026-08-23 19:38:27;livia;11.2;4.2;3.0;92.3;87.8;11054149632;1541861376;2727227392;10694545408;31.3;159590043648;350132183040
2026-08-23 19:38:30;livia;13.6;7.4;5.8;85.7;87.8;11056427008;1539584000;2727227392;10694545408;31.3;159590064128;350132162560
2026-08-23 19:38:33;livia;20.6;18.9;7.0;72.9;88.1;11099435008;1496576000;2727227392;10694545408;31.3;159603879936;350118346752
2026-08-23 19:38:36;livia;15.5;14.3;9.5;74.1;88.1;11101110272;1494900736;2727096320;10694676480;31.3;159590592512;350131634176
2026-08-23 19:38:39;livia;16.9;5.3;4.3;89.6;88.0;11089530880;1506480128;2727096320;10694676480;31.3;159589748736;350132477952
2026-08-23 19:38:42;livia;11.6;2.9;4.1;91.7;88.1;11097022464;1498988544;2727096320;10694676480;31.3;159589752832;350132473856
2026-08-23 19:38:45;livia;19.3;11.2;4.3;83.5;87.7;11045470208;1550540800;2727096320;10694676480;31.3;159589031936;350133194752
2026-08-23 19:38:48;livia;8.0;5.3;6.3;87.5;87.1;10967625728;1628385280;2727096320;10694676480;31.3;159586881536;350135345152
2026-08-23 19:38:51;livia;10.9;4.6;5.9;89.2;86.9;10942910464;1653100544;2726834176;10694938624;31.3;159586816000;350135410688
2026-08-23 19:38:54;livia;7.4;4.4;6.2;87.4;86.9;10946109440;1649901568;2726834176;10694938624;31.3;159586881536;350135345152
2026-08-23 19:38:57;livia;13.9;18.7;5.5;75.0;87.3;10990870528;1605140480;2726834176;10694938624;31.3;159601205248;350121021440
2026-08-23 19:39:00;livia;26.7;4.6;3.9;90.5;87.7;11042484224;1553526784;2724868096;10696904704;31.3;159589801984;350132424704
2026-08-23 19:39:03;livia;8.8;2.5;3.1;94.1;87.6;11038961664;1557049344;2721853440;10699919360;31.3;159591112704;350131113984
2026-08-23 19:39:06;livia;8.5;3.3;4.6;91.2;87.7;11040952320;1555058688;2721853440;10699919360;31.3;159591112704;350131113984
2026-08-23 19:39:09;livia;17.9;7.7;4.4;86.7;87.2;10989133824;1606877184;2721853440;10699919360;31.3;159591116800;350131109888
2026-08-23 19:39:12;livia;7.6;3.2;3.4;93.1;87.1;10976456704;1619554304;2721853440;10699919360;31.3;159591116800;350131109888
2026-08-23 19:39:15;livia;6.1;4.0;2.8;92.6;87.2;10982002688;1614008320;2721853440;10699919360;31.3;159591116800;350131109888
2026-08-23 19:39:18;livia;10.9;3.6;3.1;92.9;86.7;10921213952;1674797056;2721722368;10700050432;31.3;159591116800;350131109888
2026-08-23 19:39:21;livia;21.1;17.1;8.5;72.9;87.2;10983342080;1612668928;2721722368;10700050432;31.3;159589584896;350132641792
2026-08-23 19:39:24;livia;24.9;3.5;4.5;91.5;87.0;10959945728;1636065280;2721722368;10700050432;31.3;159589171200;350133055488
2026-08-23 19:39:27;livia;6.5;1.7;3.0;94.9;87.0;10961997824;1634013184;2721722368;10700050432;31.3;159589765120;350132461568
2026-08-23 19:39:30;livia;11.7;6.1;4.4;88.9;87.2;10987974656;1608036352;2721341440;10700431360;31.3;159589797888;350132428800
2026-08-23 19:39:33;livia;13.0;17.2;6.1;75.6;86.8;10939138048;1656872960;2721341440;10700431360;31.3;159589797888;350132428800
2026-08-23 19:39:37;livia;16.4;5.2;4.3;89.7;87.0;10957033472;1638977536;2721341440;10700431360;31.3;159590055936;350132170752
2026-08-23 19:39:40;livia;7.2;4.6;4.8;89.7;86.9;10945626112;1650384896;2721341440;10700431360;31.3;159590187008;350132039680
2026-08-23 19:39:43;livia;6.7;4.3;4.1;90.8;87.0;10952953856;1643057152;2721341440;10700431360;31.3;159590318080;350131908608
2026-08-23 19:39:46;livia;15.7;13.5;4.2;82.0;87.7;11042934784;1553076224;2721341440;10700431360;31.3;159591194624;350131032064
2026-08-23 19:39:49;livia;10.5;3.0;3.4;92.8;87.7;11044290560;1551720448;2721341440;10700431360;31.3;159607242752;350114983936
2026-08-23 19:39:52;livia;9.4;3.0;3.2;93.2;87.7;11045539840;1550471168;2721341440;10700431360;31.3;159607242752;350114983936
2026-08-23 19:39:55;livia;10.3;7.0;2.9;89.4;87.6;11038896128;1557114880;2721341440;10700431360;31.3;159607242752;350114983936
2026-08-23 19:39:58;livia;10.4;11.8;4.1;83.2;87.0;10957426688;1638584320;2721341440;10700431360;31.3;159607242752;350114983936
2026-08-23 19:40:01;livia;6.2;5.9;4.7;88.9;87.0;10959917056;1636093952;2721341440;10700431360;31.3;159607345152;350114881536
2026-08-23 19:40:04;livia;8.3;2.8;3.3;92.9;87.0;10953363456;1642647552;2721341440;10700431360;31.3;159607365632;350114861056
2026-08-23 19:40:07;livia;3.8;5.0;4.1;89.8;87.2;10978983936;1617027072;2721341440;10700431360;31.3;159607431168;350114795520
2026-08-23 19:40:10;livia;19.5;12.8;7.0;79.4;89.1;11218497536;1377513472;2721341440;10700431360;31.3;159591645184;350130581504
2026-08-23 19:40:13;livia;35.6;6.9;5.2;86.8;89.8;11308863488;1287147520;2721341440;10700431360;31.3;159589683200;350132543488
2026-08-23 19:40:16;livia;4.9;3.1;4.2;91.8;89.6;11289731072;1306279936;2721341440;10700431360;31.3;159589421056;350132805632
2026-08-23 19:40:19;livia;6.6;2.7;5.8;90.7;89.4;11264098304;1331912704;2721341440;10700431360;31.3;159589355520;350132871168
2026-08-23 19:40:22;livia;19.5;9.1;4.0;86.6;87.5;11018362880;1577648128;2721341440;10700431360;31.3;159589421056;350132805632
2026-08-23 19:40:25;livia;10.2;3.9;4.9;90.0;87.2;10981433344;1614577664;2721341440;10700431360;31.3;159589572608;350132654080
2026-08-23 19:40:28;livia;8.1;4.4;5.1;89.8;86.9;10947567616;1648443392;2737090560;10684682240;31.3;159589572608;350132654080
2026-08-23 19:40:31;livia;7.2;4.9;5.0;89.4;86.8;10938675200;1657335808;2737090560;10684682240;31.3;159589724160;350132502528
2026-08-23 19:40:34;livia;9.1;14.3;4.5;80.4;87.0;10962366464;1633644544;2737090560;10684682240;31.3;159589830656;350132396032
2026-08-23 19:40:37;livia;15.7;12.6;6.3;80.6;89.5;11267584000;1328427008;2737090560;10684682240;31.3;159596265472;350125961216
2026-08-23 19:40:40;livia;18.5;4.4;4.0;90.5;89.2;11236200448;1359810560;2737090560;10684682240;31.3;159607230464;350114996224
2026-08-23 19:40:43;livia;8.3;3.6;6.4;89.3;89.0;11215552512;1380458496;2737090560;10684682240;31.3;159607230464;350114996224
2026-08-23 19:40:46;livia;7.6;3.7;3.3;92.5;89.1;11228897280;1367113728;2737090560;10684682240;31.3;159607230464;350114996224
2026-08-23 19:40:49;livia;16.8;13.1;2.4;84.0;87.1;10975346688;1620664320;2737090560;10684682240;31.3;159607427072;350114799616
2026-08-23 19:40:52;livia;8.8;3.8;2.7;93.3;87.0;10962145280;1633865728;2737090560;10684682240;31.3;159607427072;350114799616
2026-08-23 19:40:55;livia;15.6;3.9;3.0;92.5;87.0;10953875456;1642135552;2736304128;10685468672;31.3;159607431168;350114795520
2026-08-23 19:40:58;livia;21.6;3.1;3.1;93.4;86.8;10935169024;1660841984;2736304128;10685468672;31.3;159589916672;350132310016
2026-08-23 19:41:01;livia;18.0;12.4;5.5;81.5;88.5;11149438976;1446572032;2736304128;10685468672;31.3;159589519360;350132707328
2026-08-23 19:41:04;livia;25.2;17.7;9.4;71.6;89.6;11288817664;1307193344;2736304128;10685468672;31.3;159590649856;350131576832
2026-08-23 19:41:07;livia;10.5;2.7;2.9;93.7;89.5;11268308992;1327702016;2736304128;10685468672;31.3;159590739968;350131486720
2026-08-23 19:41:10;livia;9.2;4.0;3.6;91.3;89.5;11267153920;1328857088;2736304128;10685468672;31.3;159590473728;350131752960
2026-08-23 19:41:13;livia;9.4;12.2;4.5;82.6;88.5;11153539072;1442471936;2736304128;10685468672;31.3;159590567936;350131658752
2026-08-23 19:41:16;livia;15.7;5.1;2.9;91.5;86.8;10933321728;1662689280;2736304128;10685468672;31.3;159591124992;350131101696
2026-08-23 19:41:19;livia;20.7;6.3;3.3;89.6;86.8;10938572800;1657438208;2736304128;10685468672;31.3;159591329792;350130896896
2026-08-23 19:41:22;livia;19.5;3.7;2.6;93.2;86.6;10906148864;1689862144;2736304128;10685468672;31.3;159591444480;350130782208
2026-08-23 19:41:25;livia;4.6;5.6;4.6;89.6;86.6;10908205056;1687805952;2736304128;10685468672;31.3;159591378944;350130847744
2026-08-23 19:41:28;livia;14.0;12.5;4.1;82.7;89.3;11252695040;1343315968;2736304128;10685468672;31.3;159591706624;350130520064
2026-08-23 19:41:31;livia;27.3;5.0;5.8;88.0;90.0;11333156864;1262854144;2736304128;10685468672;31.3;159591514112;350130712576
2026-08-23 19:41:34;livia;8.6;2.3;3.4;93.5;90.1;11342999552;1253011456;2736304128;10685468672;31.3;159591645184;350130581504
2026-08-23 19:41:37;livia;9.4;5.0;8.0;86.3;89.9;11321384960;1274626048;2736304128;10685468672;31.3;159591645184;350130581504
2026-08-23 19:41:40;livia;17.1;11.7;6.6;80.2;87.1;10969677824;1626333184;2736304128;10685468672;31.3;159591723008;350130503680
2026-08-23 19:41:43;livia;19.3;10.5;5.3;83.7;88.5;11150467072;1445543936;2736304128;10685468672;31.3;159590223872;350132002816
2026-08-23 19:41:46;livia;13.7;4.5;3.0;92.0;88.0;11081371648;1514639360;2736304128;10685468672;31.3;159590223872;350132002816
2026-08-23 19:41:49;livia;7.9;4.6;3.4;91.1;88.0;11089305600;1506705408;2736173056;10685599744;31.3;159590223872;350132002816
2026-08-23 19:41:52;livia;11.5;14.9;4.5;79.9;88.4;11137241088;1458769920;2736173056;10685599744;31.3;159592857600;350129369088
2026-08-23 19:41:55;livia;17.2;14.4;7.2;77.3;90.5;11394539520;1201471488;2736173056;10685599744;31.3;159590457344;350131769344
2026-08-23 19:41:58;livia;21.6;4.6;5.5;89.0;90.3;11373109248;1222901760;2736173056;10685599744;31.3;159590408192;350131818496
2026-08-23 19:42:01;livia;11.5;5.8;5.2;88.2;90.4;11381731328;1214279680;2736173056;10685599744;31.3;159590076416;350132150272
2026-08-23 19:42:04;livia;18.9;5.2;4.4;89.6;90.7;11421855744;1174155264;2736041984;10685730816;31.3;159592128512;350130098176
2026-08-23 19:42:07;livia;22.0;8.6;7.0;83.6;88.0;11083137024;1512873984;2736041984;10685730816;31.3;159594561536;350127665152
2026-08-23 19:42:10;livia;11.5;6.1;5.5;86.9;87.6;11030147072;1565863936;2736041984;10685730816;31.3;159594561536;350127665152
2026-08-23 19:42:13;livia;12.3;5.4;2.9;91.1;87.7;11044954112;1551056896;2736041984;10685730816;31.3;159594561536;350127665152
2026-08-23 19:42:16;livia;7.1;5.5;5.4;88.0;87.4;11006717952;1589293056;2736041984;10685730816;31.3;159594561536;350127665152
2026-08-23 19:42:19;livia;20.0;16.0;5.8;77.3;88.7;11167985664;1428025344;2736041984;10685730816;31.3;159594213376;350128013312
2026-08-23 19:42:22;livia;32.7;14.6;7.4;76.0;90.2;11367698432;1228312576;2736041984;10685730816;31.3;159592353792;350129872896
2026-08-23 19:42:25;livia;18.9;7.1;6.9;84.1;90.2;11365437440;1230573568;2736041984;10685730816;31.3;159590313984;350131912704
2026-08-23 19:42:28;livia;13.0;5.2;5.9;87.4;90.2;11357122560;1238888448;2736041984;10685730816;31.3;159590313984;350131912704
2026-08-23 19:42:31;livia;15.4;9.6;7.2;81.5;90.0;11340587008;1255424000;2743037952;10678734848;31.3;159590334464;350131892224
2026-08-23 19:42:34;livia;15.7;16.8;5.0;77.4;87.1;10968150016;1627860992;2743037952;10678734848;31.3;159590334464;350131892224
2026-08-23 19:42:37;livia;11.8;4.9;2.2;92.3;87.1;10969968640;1626042368;2743037952;10678734848;31.3;159590334464;350131892224
2026-08-23 19:42:40;livia;11.3;3.9;3.5;92.1;87.1;10970050560;1625960448;2743037952;10678734848;31.3;159590334464;350131892224
2026-08-23 19:42:43;livia;12.8;5.4;6.1;87.0;87.2;10980810752;1615200256;2743037952;10678734848;31.3;159590334464;350131892224
2026-08-23 19:42:46;livia;15.7;9.8;5.0;83.9;88.8;11185840128;1410170880;2743037952;10678734848;31.3;159590526976;350131699712
2026-08-23 19:42:49;livia;27.4;12.0;8.3;77.9;89.7;11292692480;1303318528;2743037952;10678734848;31.3;159591755776;350130470912
2026-08-23 19:42:52;livia;11.7;3.6;3.0;92.3;89.8;11304955904;1291055104;2743037952;10678734848;31.3;159591821312;350130405376
2026-08-23 19:42:55;livia;18.4;4.4;4.1;90.4;90.1;11342909440;1253101568;2743037952;10678734848;31.3;159592763392;350129463296
2026-08-23 19:42:58;livia;20.9;7.3;2.9;89.3;87.4;11002642432;1593368576;2743037952;10678734848;31.3;159592857600;350129369088
2026-08-23 19:43:01;livia;10.2;5.2;4.7;88.6;87.0;10953293824;1642717184;2743037952;10678734848;31.3;159592964096;350129262592
2026-08-23 19:43:04;livia;13.6;4.8;3.8;90.3;86.8;10935517184;1660493824;2743037952;10678734848;31.3;159592964096;350129262592
2026-08-23 19:43:07;livia;11.0;4.4;4.6;89.8;86.8;10931302400;1664708608;2743037952;10678734848;31.3;159592964096;350129262592
2026-08-23 19:43:10;livia;12.0;11.7;5.7;81.4;87.1;10970136576;1625874432;2743037952;10678734848;31.3;159593488384;350128738304
2026-08-23 19:43:13;livia;17.8;23.8;7.7;67.4;89.4;11266994176;1329016832;2743037952;10678734848;31.3;159593783296;350128443392
2026-08-23 19:43:16;livia;23.8;7.7;4.5;86.8;89.3;11248529408;1347481600;2743037952;10678734848;31.3;159592124416;350130102272
2026-08-23 19:43:19;livia;14.3;6.1;2.9;90.0;89.1;11226251264;1369759744;2743037952;10678734848;31.3;159591436288;350130790400
2026-08-23 19:43:22;livia;10.3;9.9;4.0;85.2;89.1;11225083904;1370927104;2743037952;10678734848;31.3;159591436288;350130790400
2026-08-23 19:43:25;livia;18.6;11.6;5.8;81.1;86.9;10949115904;1646895104;2743037952;10678734848;31.3;159591436288;350130790400
2026-08-23 19:43:28;livia;12.6;4.2;3.6;91.0;86.7;10922274816;1673736192;2743037952;10678734848;31.3;159591370752;350130855936
2026-08-23 19:43:31;livia;14.7;6.3;3.3;89.7;86.7;10921975808;1674035200;2742906880;10678865920;31.3;159591456768;350130769920
2026-08-23 19:43:34;livia;32.6;5.6;32.9;56.5;94.4;11891359744;704651264;2745192448;10676580352;31.3;159591456768;350130769920
2026-08-23 19:43:37;livia;37.3;14.1;24.9;59.8;93.8;11819323392;776687616;2260971520;11160801280;31.3;159610785792;350111440896
2026-08-23 19:43:40;livia;22.1;9.9;5.9;83.2;92.4;11644223488;951787520;2416640000;11005132800;31.3;159593074688;350129152000
2026-08-23 19:43:43;livia;35.5;12.8;9.0;77.1;92.8;11692228608;903782400;2416640000;11005132800;31.3;159592882176;350129344512
2026-08-23 19:43:46;livia;13.5;4.2;3.0;92.1;92.7;11674165248;921845760;2416640000;11005132800;31.3;159592898560;350129328128
2026-08-23 19:43:49;livia;10.9;6.6;4.4;88.1;92.7;11682471936;913539072;2416640000;11005132800;31.3;159592898560;350129328128
2026-08-23 19:43:52;livia;14.0;10.1;7.0;81.2;90.6;11406479360;1189531648;2416640000;11005132800;31.3;159592898560;350129328128
2026-08-23 19:43:55;livia;19.5;4.6;2.3;92.4;90.4;11381977088;1214033920;2416640000;11005132800;31.3;159592898560;350129328128
2026-08-23 19:43:58;livia;12.0;4.3;4.1;91.1;90.4;11387592704;1208418304;2416640000;11005132800;31.3;159592898560;350129328128
2026-08-23 19:44:01;livia;21.1;3.9;15.4;80.0;87.4;11009429504;1586581504;2416508928;11005263872;31.3;159592943616;350129283072
2026-08-23 19:44:04;livia;27.7;11.5;6.5;80.8;87.4;11007946752;1588064256;2416508928;11005263872;31.3;159593926656;350128300032
2026-08-23 19:44:07;livia;19.4;11.7;5.3;82.5;89.9;11324014592;1271996416;2416508928;11005263872;31.3;159594184704;350128041984
2026-08-23 19:44:10;livia;23.9;4.0;2.5;92.6;90.2;11365756928;1230254080;2416508928;11005263872;31.3;159610568704;350111657984
2026-08-23 19:44:13;livia;12.6;5.0;4.4;89.8;90.3;11372277760;1223733248;2416508928;11005263872;31.3;159610568704;350111657984
2026-08-23 19:44:16;livia;16.6;8.9;4.0;86.7;90.1;11347152896;1248858112;2416508928;11005263872;31.3;159610568704;350111657984
2026-08-23 19:44:19;livia;17.2;14.5;3.6;80.8;87.4;11014733824;1581277184;2416508928;11005263872;31.3;159594356736;350127869952
2026-08-23 19:44:22;livia;10.1;6.9;3.9;88.1;87.4;11006144512;1589866496;2416508928;11005263872;31.3;159594356736;350127869952
2026-08-23 19:44:25;livia;16.7;14.9;4.7;79.8;87.7;11041611776;1554399232;2416508928;11005263872;31.3;159592321024;350129905664
2026-08-23 19:44:28;livia;7.7;5.8;4.5;88.9;87.8;11055198208;1540812800;2416508928;11005263872;31.3;159592669184;350129557504
2026-08-23 19:44:31;livia;22.1;14.8;5.3;79.0;88.9;11194380288;1401630720;2369466368;11052306432;31.3;159592849408;350129377280
2026-08-23 19:44:34;livia;22.0;19.3;8.7;70.3;91.5;11526631424;1069379584;2368811008;11052961792;31.3;159594356736;350127869952
2026-08-23 19:44:37;livia;22.8;4.4;5.0;89.9;91.5;11531427840;1064583168;2368811008;11052961792;31.3;159593791488;350128435200
2026-08-23 19:44:40;livia;17.9;3.8;5.8;89.6;91.5;11529465856;1066545152;2368811008;11052961792;31.3;159593791488;350128435200
2026-08-23 19:44:43;livia;14.3;5.1;2.7;91.6;91.6;11531767808;1064243200;2368811008;11052961792;31.3;159593791488;350128435200
2026-08-23 19:44:46;livia;22.1;9.6;6.4;83.5;89.2;11231043584;1364967424;2368811008;11052961792;31.3;159593607168;350128619520
2026-08-23 19:44:49;livia;21.0;6.8;5.6;86.5;89.0;11215265792;1380745216;2368811008;11052961792;31.3;159594852352;350127374336
2026-08-23 19:44:52;livia;10.7;4.0;3.7;91.4;89.0;11215671296;1380339712;2368679936;11053092864;31.3;159594852352;350127374336
2026-08-23 19:44:55;livia;7.4;4.8;3.3;90.8;89.1;11226464256;1369546752;2368679936;11053092864;31.3;159594852352;350127374336
2026-08-23 19:44:58;livia;25.9;16.4;9.4;72.8;90.8;11437887488;1158123520;2368679936;11053092864;31.3;159592112128;350130114560
2026-08-23 19:45:01;livia;22.5;14.7;7.8;75.6;92.3;11630104576;965906432;2330144768;11091628032;31.3;159594901504;350127325184
2026-08-23 19:45:04;livia;11.2;5.1;2.9;91.5;91.9;11573420032;1022590976;2330144768;11091628032;31.3;159594901504;350127325184
2026-08-23 19:45:07;livia;17.0;6.2;4.0;88.9;92.0;11583602688;1012408320;2330013696;11091759104;31.3;159594901504;350127325184
2026-08-23 19:45:10;livia;14.0;15.4;10.3;72.2;92.1;11601313792;994697216;2330013696;11091759104;31.3;159594901504;350127325184
2026-08-23 19:45:13;livia;24.2;12.0;7.9;79.0;89.5;11270332416;1325678592;2329362432;11092410368;31.3;159592689664;350129537024
2026-08-23 19:45:16;livia;11.1;4.1;4.1;90.8;89.0;11208953856;1387057152;2329362432;11092410368;31.3;159592689664;350129537024
2026-08-23 19:45:19;livia;8.4;6.0;5.0;87.7;89.0;11206082560;1389928448;2329362432;11092410368;31.3;159592689664;350129537024
2026-08-23 19:45:22;livia;7.8;9.4;5.3;84.4;89.2;11230781440;1365229568;2329362432;11092410368;31.3;159594156032;350128070656
2026-08-23 19:45:25;livia;18.5;11.8;5.8;81.2;91.8;11568926720;1027084288;2329362432;11092410368;31.3;159594618880;350127607808
2026-08-23 19:45:28;livia;39.8;19.2;24.7;54.8;89.6;11287261184;1308749824;2359500800;11062272000;31.3;159593164800;350129061888
2026-08-23 19:45:31;livia;28.4;7.5;9.0;82.4;87.3;10993033216;1602977792;2391220224;11030552576;31.3;159593164800;350129061888
2026-08-23 19:45:34;livia;12.9;6.1;4.2;89.1;87.8;11060723712;1535287296;2391220224;11030552576;31.3;159594016768;350128209920
2026-08-23 19:45:37;livia;13.8;11.8;5.4;82.0;87.1;10975731712;1620279296;2391220224;11030552576;31.3;159594016768;350128209920
2026-08-23 19:45:40;livia;21.4;5.1;3.0;91.5;85.2;10732933120;1863077888;2391220224;11030552576;31.3;159585103872;350137122816
2026-08-23 19:45:43;livia;14.0;6.8;2.9;90.1;85.0;10709147648;1886863360;2391220224;11030552576;31.3;159585103872;350137122816
2026-08-23 19:45:46;livia;12.8;3.9;7.7;88.2;84.9;10695340032;1900670976;2391220224;11030552576;31.3;159585181696;350137044992
2026-08-23 19:45:49;livia;12.1;9.0;7.6;82.4;85.1;10724806656;1871204352;2391220224;11030552576;31.3;159585198080;350137028608
2026-08-23 19:45:52;livia;28.3;21.3;13.3;64.6;88.9;11201347584;1394663424;2391220224;11030552576;31.3;159585976320;350136250368
2026-08-23 19:45:55;livia;42.2;12.3;8.4;78.1;87.4;11004485632;1591525376;2568667136;10853105664;31.3;159603359744;350118866944
2026-08-23 19:45:58;livia;13.5;5.5;4.1;89.9;87.2;10987270144;1608740864;2568667136;10853105664;31.3;159583166464;350139060224
2026-08-23 19:46:01;livia;12.4;6.1;4.4;89.0;87.2;10986278912;1609732096;2568667136;10853105664;31.3;159583100928;350139125760
2026-08-23 19:46:04;livia;23.3;12.1;7.5;78.8;84.3;10614190080;1981820928;2568667136;10853105664;31.3;159583166464;350139060224
2026-08-23 19:46:07;livia;10.1;5.5;2.9;91.2;84.0;10576236544;2019774464;2568667136;10853105664;31.3;159583166464;350139060224
2026-08-23 19:46:10;livia;12.5;4.3;3.9;91.2;83.9;10563973120;2032037888;2568667136;10853105664;31.3;159583166464;350139060224
2026-08-23 19:46:13;livia;17.6;12.5;6.6;79.7;84.2;10605056000;1990955008;2568667136;10853105664;31.3;159583166464;350139060224
2026-08-23 19:46:16;livia;20.5;14.3;8.9;75.6;84.2;10605678592;1990332416;2568536064;10853236736;31.3;159583297536;350138929152
2026-08-23 19:46:19;livia;31.5;14.5;7.1;77.4;85.1;10721435648;1874575360;2568536064;10853236736;31.3;159587536896;350134689792
2026-08-23 19:46:22;livia;19.0;16.6;6.8;75.4;87.1;10971340800;1624670208;2568404992;10853367808;31.3;159588585472;350133641216
2026-08-23 19:46:25;livia;5.5;2.3;1.5;95.7;86.0;10837049344;1758961664;2568404992;10853367808;31.3;159604854784;350117371904
2026-08-23 19:46:28;livia;6.4;3.1;2.5;93.7;86.1;10839818240;1756192768;2568273920;10853498880;31.3;159604858880;350117367808
2026-08-23 19:46:31;livia;7.9;7.1;3.8;88.3;86.1;10851430400;1744580608;2568142848;10853629952;31.3;159604879360;350117347328
2026-08-23 19:46:34;livia;14.2;8.6;5.7;84.8;84.5;10647425024;1948585984;2452017152;10969755648;31.3;159604879360;350117347328
2026-08-23 19:46:37;livia;9.5;3.1;3.5;92.7;84.5;10645409792;1950601216;2451886080;10969886720;31.3;159605002240;350117224448
2026-08-23 19:46:40;livia;7.6;7.3;3.2;88.9;84.7;10669953024;1926057984;2451886080;10969886720;31.3;159586439168;350135787520
2026-08-23 19:46:43;livia;16.9;8.7;3.5;86.5;85.1;10715246592;1880764416;2451886080;10969886720;31.3;159586594816;350135631872
2026-08-23 19:46:46;livia;31.0;13.1;6.2;78.9;87.5;11018682368;1577328640;2451755008;10970017792;31.3;159608905728;350113320960
2026-08-23 19:46:49;livia;17.0;16.7;9.6;73.0;87.2;10986680320;1609330688;2451623936;10970148864;31.3;159602212864;350120013824
2026-08-23 19:46:52;livia;8.5;2.5;3.0;93.2;87.0;10958770176;1637240832;2450575360;10971197440;31.3;159588769792;350133456896
2026-08-23 19:46:55;livia;7.6;6.6;3.5;88.7;87.0;10960048128;1635962880;2450444288;10971328512;31.3;159588769792;350133456896
2026-08-23 19:46:58;livia;13.1;7.6;4.3;87.0;84.7;10666434560;1929576448;2450182144;10971590656;31.3;159588696064;350133530624
2026-08-23 19:47:01;livia;5.2;1.9;2.7;94.7;84.7;10664374272;1931636736;2450182144;10971590656;31.3;159588630528;350133596160
2026-08-23 19:47:04;livia;8.0;5.2;3.4;90.5;84.9;10690240512;1905770496;2450051072;10971721728;31.3;159589351424;350132875264
2026-08-23 19:47:07;livia;8.1;2.6;2.6;94.4;84.8;10683899904;1912111104;2450051072;10971721728;31.3;159589355520;350132871168
2026-08-23 19:47:10;livia;8.3;3.4;2.9;92.9;84.8;10683219968;1912791040;2450051072;10971721728;31.3;159589355520;350132871168
2026-08-23 19:47:13;livia;14.2;9.5;3.0;86.8;87.2;10983424000;1612587008;2449920000;10971852800;31.3;159589875712;350132350976
2026-08-23 19:47:16;livia;24.3;14.7;11.7;72.5;87.9;11071639552;1524371456;2518863872;10902908928;31.3;159592558592;350129668096
2026-08-23 19:47:19;livia;17.1;21.4;7.8;69.6;90.7;11426267136;1169743872;2517291008;10904481792;31.3;159598919680;350123307008
2026-08-23 19:47:22;livia;21.3;12.4;11.0;75.0;87.4;11014156288;1581854720;2517159936;10904612864;31.3;159611318272;350110908416
2026-08-23 19:47:25;livia;6.8;2.4;2.6;94.6;87.5;11023613952;1572397056;2517159936;10904612864;31.3;159611244544;350110982144
2026-08-23 19:47:28;livia;9.6;2.3;2.5;94.8;87.4;11008126976;1587884032;2517159936;10904612864;31.3;159611252736;350110973952
2026-08-23 19:47:31;livia;15.0;10.0;6.3;82.8;84.7;10666549248;1929461760;2516897792;10904875008;31.3;159591473152;350130753536
2026-08-23 19:47:34;livia;11.1;4.6;6.2;88.5;84.4;10634801152;1961209856;2512834560;10908938240;31.3;159591473152;350130753536
2026-08-23 19:47:37;livia;5.6;3.5;5.0;90.5;84.5;10648358912;1947652096;2512834560;10908938240;31.3;159591473152;350130753536
2026-08-23 19:47:40;livia;17.7;13.2;4.2;81.1;86.3;10871640064;1724370944;2512834560;10908938240;31.3;159589486592;350132740096
2026-08-23 19:47:43;livia;42.0;16.4;7.3;75.4;88.1;11091431424;1504579584;2512048128;10909724672;31.3;159592235008;350129991680
2026-08-23 19:47:46;livia;15.4;11.3;6.5;81.2;88.3;11126202368;1469808640;2511785984;10909986816;31.3;159596584960;350125641728
2026-08-23 19:47:49;livia;5.5;7.9;3.6;87.3;88.5;11142955008;1453056000;2511523840;10910248960;31.3;159587770368;350134456320
2026-08-23 19:47:52;livia;17.0;6.5;9.0;84.0;85.1;10721964032;1874046976;2511392768;10910380032;31.3;159588798464;350133428224
2026-08-23 19:47:55;livia;7.1;3.1;2.8;93.3;84.9;10700267520;1895743488;2511392768;10910380032;31.3;159589249024;350132977664
2026-08-23 19:47:58;livia;10.9;3.5;4.0;91.4;85.0;10704961536;1891049472;2511392768;10910380032;31.3;159589396480;350132830208
2026-08-23 19:48:01;livia;16.8;12.2;5.8;80.8;84.6;10651840512;1944170496;2511261696;10910511104;31.3;159589396480;350132830208
2026-08-23 19:48:04;livia;9.8;8.6;5.7;84.7;84.7;10674896896;1921114112;2511261696;10910511104;31.3;159589392384;350132834304
2026-08-23 19:48:07;livia;31.4;19.7;6.1;73.3;86.5;10891395072;1704615936;2511261696;10910511104;31.3;159589588992;350132637696
2026-08-23 19:48:10;livia;35.9;13.9;4.8;80.1;88.4;11135381504;1460629504;2511261696;10910511104;31.3;159590715392;350131511296
2026-08-23 19:48:13;livia;24.5;15.4;7.3;76.3;88.9;11193888768;1402122240;2511261696;10910511104;31.3;159595528192;350126698496
2026-08-23 19:48:16;livia;16.7;7.3;3.3;88.7;88.5;11152138240;1443872768;2511261696;10910511104;31.3;159589052416;350133174272
2026-08-23 19:48:19;livia;10.2;7.4;5.0;86.4;88.4;11130261504;1465749504;2511130624;10910642176;31.3;159588986880;350133239808
2026-08-23 19:48:22;livia;18.0;12.3;5.2;81.6;86.0;10833752064;1762258944;2511130624;10910642176;31.3;159588986880;350133239808
2026-08-23 19:48:25;livia;14.6;6.6;4.4;88.0;85.6;10777952256;1818058752;2511130624;10910642176;31.3;159589609472;350132617216
2026-08-23 19:48:28;livia;9.6;4.8;3.5;90.9;85.3;10738679808;1857331200;2511130624;10910642176;31.3;159589609472;350132617216
2026-08-23 19:48:31;livia;12.2;9.0;3.1;87.4;85.4;10753908736;1842102272;2511130624;10910642176;31.3;159589629952;350132596736
2026-08-23 19:48:34;livia;11.4;5.1;3.9;90.3;85.4;10757836800;1838174208;2511130624;10910642176;31.3;159589568512;350132658176
2026-08-23 19:48:37;livia;21.4;13.6;7.1;78.0;86.4;10881912832;1714098176;2511130624;10910642176;31.3;159589629952;350132596736
2026-08-23 19:48:40;livia;21.3;25.0;8.3;65.3;89.1;11222417408;1373593600;2511130624;10910642176;31.3;159589629952;350132596736
2026-08-23 19:48:43;livia;16.9;12.5;12.2;73.5;89.1;11217821696;1378189312;2511130624;10910642176;31.3;159611973632;350110253056
2026-08-23 19:48:46;livia;30.0;17.0;6.9;74.2;88.1;11093893120;1502117888;2511130624;10910642176;31.3;159596634112;350125592576
2026-08-23 19:48:49;livia;11.1;7.3;6.2;85.2;85.5;10767032320;1828978688;2511130624;10910642176;31.3;159588532224;350133694464
2026-08-23 19:48:52;livia;13.7;6.9;5.1;87.5;85.5;10765418496;1830592512;2511130624;10910642176;31.3;159588532224;350133694464
2026-08-23 19:48:55;livia;11.0;9.2;4.2;86.0;85.6;10777776128;1818234880;2511130624;10910642176;31.3;159588532224;350133694464
2026-08-23 19:48:58;livia;18.0;10.8;5.0;83.3;85.0;10705006592;1891004416;2511130624;10910642176;31.3;159588532224;350133694464
2026-08-23 19:49:01;livia;8.4;6.3;5.0;87.5;84.9;10698661888;1897349120;2511130624;10910642176;31.3;159588532224;350133694464
2026-08-23 19:49:04;livia;12.1;5.2;4.7;89.2;85.0;10710855680;1885155328;2511130624;10910642176;31.3;159588687872;350133538816
2026-08-23 19:49:07;livia;14.6;13.2;5.9;79.8;85.3;10741121024;1854889984;2511130624;10910642176;31.3;159587971072;350134255616
2026-08-23 19:49:10;livia;21.7;12.0;8.0;79.3;88.5;11148709888;1447301120;2511130624;10910642176;31.3;159587971072;350134255616
2026-08-23 19:49:13;livia;29.2;22.8;11.3;64.8;89.3;11242446848;1353564160;2511130624;10910642176;31.3;159591415808;350130810880
2026-08-23 19:49:16;livia;25.6;11.0;5.2;83.0;92.0;11587252224;1008758784;2511130624;10910642176;31.3;159588773888;350133452800
2026-08-23 19:49:19;livia;25.8;18.3;3.9;76.7;91.8;11563896832;1032114176;2511130624;10910642176;31.3;159588605952;350133620736
2026-08-23 19:49:22;livia;9.2;6.8;6.9;84.9;88.8;11185401856;1410609152;2508509184;10913263616;31.3;159588032512;350134194176
2026-08-23 19:49:25;livia;9.8;3.8;5.1;90.1;88.8;11185872896;1410138112;2508247040;10913525760;31.3;159588458496;350133768192
2026-08-23 19:49:28;livia;11.0;10.0;6.7;82.4;89.0;11214520320;1381490688;2507591680;10914181120;31.3;159589253120;350132973568
2026-08-23 19:49:31;livia;26.4;12.2;6.5;80.2;86.4;10881495040;1714515968;2507198464;10914574336;31.3;159589273600;350132953088
2026-08-23 19:49:35;livia;10.6;5.7;4.8;89.0;85.8;10811822080;1784188928;2505887744;10915885056;31.3;159589318656;350132908032
2026-08-23 19:49:38;livia;19.7;18.0;4.9;76.2;88.3;11125653504;1470357504;2505887744;10915885056;31.3;159589314560;350132912128
2026-08-23 19:49:41;livia;40.0;20.2;11.1;67.9;90.2;11364659200;1231351808;2505887744;10915885056;31.3;159601659904;350120566784
2026-08-23 19:49:44;livia;19.6;12.5;7.0;79.5;92.8;11683450880;912560128;2505887744;10915885056;31.3;159589072896;350133153792
2026-08-23 19:49:47;livia;25.7;19.1;7.4;72.3;93.9;11833610240;762400768;2505887744;10915885056;31.3;159590105088;350132121600
2026-08-23 19:49:50;livia;13.4;4.0;4.1;90.8;89.9;11324977152;1271033856;2505887744;10915885056;31.3;159589744640;350132482048
2026-08-23 19:49:53;livia;8.7;4.1;4.4;90.6;89.9;11317964800;1278046208;2505887744;10915885056;31.3;159589744640;350132482048
2026-08-23 19:49:56;livia;9.2;4.7;4.0;90.3;89.9;11323596800;1272414208;2505629696;10916143104;31.3;159589744640;350132482048
2026-08-23 19:49:59;livia;21.4;12.2;10.2;75.2;87.0;10963456000;1632555008;2505629696;10916143104;31.3;159589171200;350133055488
2026-08-23 19:50:02;livia;14.7;11.6;9.1;77.2;88.1;11095080960;1500930048;2238431232;11183341568;31.3;159588401152;350133825536
2026-08-23 19:50:05;livia;32.6;14.9;8.1;75.7;88.8;11190190080;1405820928;2238431232;11183341568;31.3;159587733504;350134493184
2026-08-23 19:50:08;livia;28.1;20.2;8.2;70.4;88.6;11159199744;1436811264;2423898112;10997874688;31.3;159596851200;350125375488
2026-08-23 19:50:11;livia;19.7;11.5;6.4;81.0;90.2;11365023744;1230987264;2423898112;10997874688;31.3;159588749312;350133477376
2026-08-23 19:50:14;livia;22.9;16.2;7.4;74.8;90.0;11339522048;1256488960;2423898112;10997874688;31.3;159588159488;350134067200
2026-08-23 19:50:17;livia;11.3;4.6;4.4;90.1;89.0;11207741440;1388269568;2423767040;10998005760;31.3;159587606528;350134620160
2026-08-23 19:50:20;livia;18.8;4.4;3.2;91.6;89.0;11204440064;1391570944;2423635968;10998136832;31.3;159587606528;350134620160
2026-08-23 19:50:23;livia;15.0;9.2;4.1;85.6;88.6;11156959232;1439051776;2423635968;10998136832;31.3;159587606528;350134620160
2026-08-23 19:50:26;livia;13.4;7.6;4.0;86.9;86.3;10869309440;1726701568;2423635968;10998136832;31.3;159587606528;350134620160
2026-08-23 19:50:29;livia;13.2;5.6;15.5;78.0;85.5;10774761472;1821249536;2446499840;10975272960;31.3;159587610624;350134616064
2026-08-23 19:50:32;livia;38.5;13.0;7.7;77.9;83.6;10532188160;2063822848;2442567680;10979205120;31.3;159587631104;350134595584
2026-08-23 19:50:35;livia;24.1;22.4;10.0;66.3;83.9;10573062144;2022948864;2442567680;10979205120;31.3;159605403648;350116823040
2026-08-23 19:50:38;livia;20.7;18.5;7.8;72.3;86.9;10951753728;1644257280;2442567680;10979205120;31.3;159589904384;350132322304
2026-08-23 19:50:41;livia;16.1;5.8;4.9;87.9;86.0;10828955648;1767055360;2442436608;10979336192;31.3;159589138432;350133088256
2026-08-23 19:50:44;livia;13.3;6.1;3.9;89.3;85.7;10796589056;1799421952;2442436608;10979336192;31.3;159605125120;350117101568
2026-08-23 19:50:47;livia;17.3;11.1;4.3;83.6;85.8;10810232832;1785778176;2442436608;10979336192;31.3;159588913152;350133313536
2026-08-23 19:50:50;livia;17.8;12.9;4.6;80.9;83.5;10516938752;2079072256;2442436608;10979336192;31.3;159588917248;350133309440
2026-08-23 19:50:53;livia;11.5;6.3;4.1;88.4;83.5;10513494016;2082516992;2442436608;10979336192;31.3;159588917248;350133309440
2026-08-23 19:50:56;livia;11.4;5.4;3.6;90.4;83.5;10512601088;2083409920;2442436608;10979336192;31.3;159588917248;350133309440
2026-08-23 19:50:59;livia;23.3;12.4;4.8;82.6;84.4;10628448256;1967562752;2442436608;10979336192;31.3;159589568512;350132658176
2026-08-23 19:51:02;livia;19.9;30.5;11.2;56.5;87.6;11033194496;1562816512;2442436608;10979336192;31.3;159598133248;350124093440
2026-08-23 19:51:05;livia;16.2;15.6;6.5;76.4;86.9;10947420160;1648590848;2442436608;10979336192;31.3;159613280256;350108946432
2026-08-23 19:51:08;livia;27.5;4.5;4.9;89.9;87.6;11032604672;1563406336;2442436608;10979336192;31.3;159609602048;350112624640
2026-08-23 19:51:11;livia;14.3;10.5;3.4;85.3;87.6;11034292224;1561718784;2442436608;10979336192;31.3;159609733120;350112493568
2026-08-23 19:51:14;livia;20.3;15.8;5.0;78.4;84.6;10653429760;1942581248;2442436608;10979336192;31.3;159609724928;350112501760
2026-08-23 19:51:17;livia;11.4;6.0;3.9;89.3;84.5;10649276416;1946734592;2442436608;10979336192;31.3;159610380288;350111846400
2026-08-23 19:51:20;livia;12.4;5.6;2.8;90.8;84.5;10644992000;1951019008;2442436608;10979336192;31.3;159610380288;350111846400
2026-08-23 19:51:23;livia;14.4;4.7;3.1;91.3;84.4;10633158656;1962852352;2442436608;10979336192;31.3;159610380288;350111846400
2026-08-23 19:51:26;livia;18.3;11.5;5.9;81.4;85.9;10820464640;1775546368;2442436608;10979336192;31.3;159610380288;350111846400
2026-08-23 19:51:29;livia;30.3;25.8;9.2;64.3;87.3;10995552256;1600458752;2442436608;10979336192;31.3;159606415360;350115811328
2026-08-23 19:51:32;livia;24.7;21.4;10.2;67.6;87.5;11027390464;1568620544;2442436608;10979336192;31.3;159609552896;350112673792
2026-08-23 19:51:35;livia;13.7;3.7;3.3;92.6;87.6;11027996672;1568014336;2442436608;10979336192;31.3;159590957056;350131269632
2026-08-23 19:51:38;livia;16.6;10.9;3.7;84.3;87.4;11004116992;1591894016;2442436608;10979336192;31.3;159590957056;350131269632
2026-08-23 19:51:41;livia;22.0;11.8;5.1;82.0;84.4;10636898304;1959112704;2442436608;10979336192;31.3;159589957632;350132269056
2026-08-23 19:51:44;livia;11.2;5.6;4.7;88.7;84.5;10640318464;1955692544;2442436608;10979336192;31.3;159590100992;350132125696
2026-08-23 19:51:47;livia;15.6;6.3;6.6;85.5;84.4;10633601024;1962409984;2442436608;10979336192;31.3;159590203392;350132023296
2026-08-23 19:51:50;livia;14.5;7.2;6.0;85.6;84.4;10637312000;1958699008;2442436608;10979336192;31.3;159590334464;350131892224
2026-08-23 19:51:53;livia;13.6;9.1;6.2;83.1;84.6;10651934720;1944076288;2442436608;10979336192;31.3;159590281216;350131945472
2026-08-23 19:51:56;livia;21.2;15.2;6.0;77.8;85.0;10704855040;1891155968;2442436608;10979336192;31.3;159591329792;350130896896
2026-08-23 19:51:59;livia;10.4;5.2;5.2;88.7;84.4;10625425408;1970585600;2442436608;10979336192;31.3;159592837120;350129389568
2026-08-23 19:52:02;livia;17.1;4.7;5.1;89.3;84.5;10644496384;1951514624;2442436608;10979336192;31.3;159592968192;350129258496
2026-08-23 19:52:05;livia;14.2;6.2;4.2;88.6;84.5;10647060480;1948950528;2442436608;10979336192;31.3;159592968192;350129258496
2026-08-23 19:52:08;livia;18.4;15.1;10.6;73.7;84.6;10661670912;1934340096;2442436608;10979336192;31.3;159592972288;350129254400
2026-08-23 19:52:11;livia;20.4;10.7;4.5;84.1;84.5;10639220736;1956790272;2442436608;10979336192;31.3;159593070592;350129156096
2026-08-23 19:52:14;livia;16.7;5.1;7.0;86.5;84.6;10654306304;1941704704;2442436608;10979336192;31.3;159590621184;350131605504
2026-08-23 19:52:17;livia;12.2;6.1;4.2;89.0;84.5;10647617536;1948393472;2442436608;10979336192;31.3;159590625280;350131601408
2026-08-23 19:52:20;livia;31.5;16.0;5.4;77.9;85.1;10724294656;1871716352;2442436608;10979336192;31.3;159592706048;350129520640
2026-08-23 19:52:23;livia;13.0;10.2;4.5;84.2;84.7;10670968832;1925042176;2442436608;10979336192;31.3;159592640512;350129586176
2026-08-23 19:52:26;livia;14.6;4.4;4.8;89.6;84.7;10669219840;1926791168;2442436608;10979336192;31.3;159592771584;350129455104
2026-08-23 19:52:29;livia;14.0;9.7;4.3;85.6;84.7;10665156608;1930854400;2442436608;10979336192;31.3;159592771584;350129455104
2026-08-23 19:52:32;livia;18.8;5.3;5.6;86.7;84.5;10638974976;1957036032;2442436608;10979336192;31.3;159592857600;350129369088
2026-08-23 19:52:35;livia;9.1;8.4;9.8;80.0;85.4;10752782336;1843228672;2442436608;10979336192;31.3;159592857600;350129369088
2026-08-23 19:52:38;livia;13.0;8.5;5.0;85.4;85.9;10814099456;1781911552;2386731008;11035041792;31.3;159592927232;350129299456
2026-08-23 19:52:41;livia;26.6;15.5;10.6;72.8;86.8;10929381376;1666629632;2386731008;11035041792;31.3;159592927232;350129299456
2026-08-23 19:52:44;livia;41.4;27.3;8.7;62.8;87.5;11025297408;1570713600;2362220544;11059552256;31.3;159591882752;350130343936
2026-08-23 19:52:47;livia;11.7;6.2;4.2;88.9;87.0;10962812928;1633198080;2362220544;11059552256;31.3;159591948288;350130278400
2026-08-23 19:52:50;livia;9.8;11.9;5.8;81.4;87.1;10972794880;1623216128;2362220544;11059552256;31.3;159590490112;350131736576
2026-08-23 19:52:53;livia;11.3;5.5;5.9;87.3;87.0;10955780096;1640230912;2362220544;11059552256;31.3;159590211584;350132015104
2026-08-23 19:52:56;livia;12.4;8.7;5.0;85.2;87.0;10961854464;1634156544;2362220544;11059552256;31.3;159589961728;350132264960
2026-08-23 19:52:59;livia;13.6;7.1;5.3;86.5;87.0;10953838592;1642172416;2362220544;11059552256;31.3;159589961728;350132264960
2026-08-23 19:53:02;livia;10.0;4.3;3.8;91.1;87.0;10956193792;1639817216;2362220544;11059552256;31.3;159589961728;350132264960
2026-08-23 19:53:05;livia;11.6;8.1;3.0;88.7;87.1;10975064064;1620946944;2362220544;11059552256;31.3;159589961728;350132264960
2026-08-23 19:53:08;livia;21.0;14.7;7.6;75.9;87.0;10962636800;1633374208;2362220544;11059552256;31.3;159591927808;350130298880
2026-08-23 19:53:11;livia;11.4;5.3;4.3;89.8;86.9;10943594496;1652416512;2362220544;11059552256;31.3;159592251392;350129975296
2026-08-23 19:53:14;livia;20.3;4.3;6.2;88.0;86.9;10945257472;1650753536;2362220544;11059552256;31.3;159589175296;350133051392
2026-08-23 19:53:17;livia;7.1;3.9;3.4;92.3;86.9;10939654144;1656356864;2362220544;11059552256;31.3;159589249024;350132977664
2026-08-23 19:53:20;livia;11.2;5.6;4.2;89.7;86.9;10948550656;1647460352;2362220544;11059552256;31.3;159589249024;350132977664
2026-08-23 19:53:23;livia;10.1;4.8;4.4;90.2;87.0;10958614528;1637396480;2362220544;11059552256;31.3;159606743040;350115483648
2026-08-23 19:53:26;livia;9.5;5.3;3.8;90.3;87.1;10971308032;1624702976;2362220544;11059552256;31.3;159606747136;350115479552
2026-08-23 19:53:29;livia;24.6;15.2;6.3;77.9;87.4;11007184896;1588826112;2362220544;11059552256;31.3;159606837248;350115389440
2026-08-23 19:53:32;livia;22.7;5.5;7.1;85.4;87.1;10976124928;1619886080;2362220544;11059552256;31.3;159608823808;350113402880
2026-08-23 19:53:35;livia;12.9;7.1;5.8;86.1;87.5;11015823360;1580187648;2362220544;11059552256;31.3;159608823808;350113402880
2026-08-23 19:53:38;livia;9.7;6.2;6.7;86.0;87.3;10992689152;1603321856;2362220544;11059552256;31.3;159608827904;350113398784
2026-08-23 19:53:41;livia;6.9;2.9;2.9;93.3;87.3;10996895744;1599115264;2362220544;11059552256;31.3;159608827904;350113398784
2026-08-23 19:53:44;livia;10.6;4.1;4.9;89.8;87.2;10981597184;1614413824;2362220544;11059552256;31.3;159608897536;350113329152
2026-08-23 19:53:47;livia;6.8;2.5;3.5;93.2;87.0;10959429632;1636581376;2362220544;11059552256;31.3;159608897536;350113329152
2026-08-23 19:53:50;livia;11.9;3.2;2.9;93.2;87.0;10960224256;1635786752;2362220544;11059552256;31.3;159603957760;350118268928
2026-08-23 19:53:53;livia;17.9;16.8;8.4;73.8;86.9;10946207744;1649803264;2362220544;11059552256;31.3;159597629440;350124597248
2026-08-23 19:53:56;livia;6.8;3.2;3.9;92.5;86.8;10938830848;1657180160;2362220544;11059552256;31.3;159584337920;350137888768
2026-08-23 19:53:59;livia;6.5;6.5;4.9;87.5;86.5;10892169216;1703841792;2362220544;11059552256;31.3;159583879168;350138347520
2026-08-23 19:54:02;livia;7.2;3.4;3.9;91.6;86.5;10889994240;1706016768;2362220544;11059552256;31.3;159583879168;350138347520
2026-08-23 19:54:05;livia;7.1;3.8;5.1;90.5;86.6;10912927744;1683083264;2362220544;11059552256;31.3;159585906688;350136320000
2026-08-23 19:54:08;livia;9.8;2.8;4.4;91.7;86.5;10897383424;1698627584;2362220544;11059552256;31.3;159585906688;350136320000
2026-08-23 19:54:11;livia;7.0;3.2;4.7;91.4;86.5;10901241856;1694769152;2362220544;11059552256;31.3;159585976320;350136250368
2026-08-23 19:54:14;livia;6.7;9.1;4.2;86.1;86.7;10922323968;1673687040;2362220544;11059552256;31.3;159585120256;350137106432
2026-08-23 19:54:17;livia;11.1;3.1;4.8;91.2;86.6;10911186944;1684824064;2362220544;11059552256;31.3;159583559680;350138667008
2026-08-23 19:54:20;livia;9.0;5.0;4.7;89.3;86.7;10915241984;1680769024;2362220544;11059552256;31.3;159583498240;350138728448
2026-08-23 19:54:23;livia;13.0;4.0;4.0;90.6;86.6;10911256576;1684754432;2362220544;11059552256;31.3;159583498240;350138728448
