2026-08-20 22:05:20;Carlos;11.4;1.8;2.5;95.2;58.8;9871601664;6915178496;108916736;964825088;31.6;161280221184;349005426688
2026-08-20 22:05:27;Carlos;8.4;0.3;0.7;99.1;58.3;9781747712;7005032448;108916736;964825088;31.6;161280225280;349005422592
2026-08-20 22:05:34;Carlos;2.7;1.5;3.1;95.3;58.2;9771831296;7014948864;108916736;964825088;31.6;161280290816;349005357056
2026-08-20 22:05:41;Carlos;4.2;0.8;2.9;95.4;58.2;9771499520;7015280640;108916736;964825088;31.6;161280438272;349005209600
2026-08-20 22:05:48;Carlos;3.3;1.7;1.5;96.8;58.2;9774940160;7011840000;108916736;964825088;31.6;161284632576;349001015296
2026-08-20 22:05:55;Carlos;2.1;2.7;4.3;91.7;58.1;9748324352;7038455808;108916736;964825088;31.6;161284829184;349000818688
2026-08-20 22:06:02;Carlos;6.3;2.1;5.4;91.4;58.4;9808592896;6978187264;108916736;964825088;31.6;161284829184;349000818688
2026-08-20 22:16:21;Carlos;15.6;7.1;6.3;85.7;57.0;9568948224;7217831936;59191296;1014550528;31.6;161259679744;349025968128
2026-08-20 22:16:26;Carlos;14.0;17.4;4.7;77.5;57.0;9565708288;7221071872;59191296;1014550528;31.6;161259380736;349026267136
2026-08-20 22:16:30;Carlos;1.6;0.7;0.5;98.7;56.9;9552498688;7234281472;59191296;1014550528;31.6;161259384832;349026263040
2026-08-20 22:16:34;Carlos;1.5;1.5;2.5;95.3;56.8;9526972416;7259807744;59191296;1014550528;31.6;161259384832;349026263040
2026-08-20 22:16:38;Carlos;4.6;0.5;0.5;99.0;56.8;9526542336;7260237824;59191296;1014550528;31.6;161259384832;349026263040
2026-08-20 22:16:42;Carlos;1.5;0.2;1.2;98.3;56.4;9472888832;7313891328;59191296;1014550528;31.6;161259388928;349026258944
2026-08-20 22:16:46;Carlos;2.1;0.7;1.1;98.0;56.5;9481256960;7305523200;59191296;1014550528;31.6;161259384832;349026263040
2026-08-20 22:16:50;Carlos;4.4;0.3;1.7;97.7;56.5;9491603456;7295176704;59191296;1014550528;31.6;161259384832;349026263040
2026-08-20 22:16:54;Carlos;8.6;2.4;3.9;92.8;56.5;9480876032;7305904128;59191296;1014550528;31.6;161259384832;349026263040
2026-08-20 22:16:58;Carlos;9.6;8.8;5.2;85.2;56.5;9488347136;7298433024;59191296;1014550528;31.6;161259024384;349026623488
2026-08-20 22:17:02;Carlos;13.3;2.7;2.4;94.3;56.6;9509187584;7277592576;59191296;1014550528;31.6;161259024384;349026623488
2026-08-20 22:17:06;Carlos;18.7;7.0;3.9;88.7;56.6;9499009024;7287771136;59191296;1014550528;31.6;161259065344;349026582528
2026-08-20 22:17:10;Carlos;2.5;4.3;5.5;89.6;56.6;9509040128;7277740032;59191296;1014550528;31.6;161259065344;349026582528
2026-08-20 22:17:16;Carlos;21.4;9.4;7.5;81.9;56.5;9485279232;7301500928;59191296;1014550528;31.6;161260183552;349025464320
2026-08-20 22:17:19;Carlos;10.3;1.8;4.7;93.1;56.5;9484828672;7301951488;59191296;1014550528;31.6;161260191744;349025456128
2026-08-20 22:17:22;Carlos;6.7;1.9;3.7;93.8;56.5;9485373440;7301406720;59191296;1014550528;31.6;161260310528;349025337344
2026-08-20 22:17:24;Carlos;7.1;1.3;2.1;96.2;56.5;9481482240;7305297920;59191296;1014550528;31.6;161260310528;349025337344
2026-08-20 22:17:27;Carlos;10.1;0.9;1.0;97.8;56.3;9454862336;7331917824;59191296;1014550528;31.6;161260310528;349025337344
2026-08-20 22:17:29;Carlos;5.2;0.8;0.9;98.2;56.3;9458360320;7328419840;59191296;1014550528;31.6;161260310528;349025337344
2026-08-20 22:17:32;Carlos;8.1;1.7;3.8;93.8;56.3;9447165952;7339614208;59191296;1014550528;31.6;161260310528;349025337344
2026-08-20 22:17:34;Carlos;4.7;0.4;1.1;98.4;56.3;9444282368;7342497792;59191296;1014550528;31.6;161260310528;349025337344
2026-08-20 22:17:37;Carlos;4.6;0.3;1.1;98.6;56.3;9447546880;7339233280;59191296;1014550528;31.6;161260310528;349025337344
2026-08-20 22:17:40;Carlos;4.3;0.8;1.8;97.3;56.2;9434636288;7352143872;59191296;1014550528;31.6;161260310528;349025337344
2026-08-20 22:17:42;Carlos;9.1;0.5;1.1;98.2;56.2;9433636864;7353143296;59191296;1014550528;31.6;161260310528;349025337344
2026-08-20 22:17:45;Carlos;7.2;0.5;1.1;98.4;56.1;9423212544;7363567616;59191296;1014550528;31.6;161260244992;349025402880
2026-08-20 22:17:47;Carlos;8.0;1.2;1.6;96.6;56.1;9423474688;7363305472;59191296;1014550528;31.6;161260244992;349025402880
2026-08-20 22:17:50;Carlos;11.6;0.5;8.3;91.0;55.9;9389084672;7397695488;59072512;1014669312;31.6;161260244992;349025402880
2026-08-20 22:17:52;Carlos;8.0;0.6;0.8;98.5;55.8;9361063936;7425716224;60125184;1013616640;31.6;161260249088;349025398784
2026-08-20 22:17:55;Carlos;4.8;0.6;1.4;97.5;55.7;9354293248;7432486912;60125184;1013616640;31.6;161260249088;349025398784
2026-08-20 22:17:57;Carlos;5.5;0.1;0.4;99.5;55.8;9359486976;7427293184;60125184;1013616640;31.6;161260253184;349025394688
2026-08-20 22:18:00;Carlos;7.3;0.1;1.6;97.9;55.7;9349742592;7437037568;60125184;1013616640;31.6;161260261376;349025386496
2026-08-20 22:18:02;Carlos;6.1;0.4;1.0;98.3;55.7;9348534272;7438245888;60125184;1013616640;31.6;161260380160;349025267712
2026-08-20 22:18:05;Carlos;8.2;0.6;1.3;97.5;55.7;9350426624;7436353536;60125184;1013616640;31.6;161260380160;349025267712
2026-08-20 22:18:07;Carlos;3.6;0.4;0.9;98.7;55.8;9361625088;7425155072;60125184;1013616640;31.6;161260380160;349025267712
2026-08-20 22:18:10;Carlos;5.1;0.5;0.9;98.6;55.8;9366421504;7420358656;60125184;1013616640;31.6;161260380160;349025267712
2026-08-20 22:18:12;Carlos;10.2;0.5;2.4;96.7;55.8;9370304512;7416475648;60125184;1013616640;31.6;161260380160;349025267712
2026-08-20 22:18:15;Carlos;6.8;4.3;3.3;91.7;55.8;9367699456;7419080704;60125184;1013616640;31.6;161260380160;349025267712
2026-08-20 22:18:17;Carlos;9.0;3.8;5.4;89.4;56.0;9400283136;7386497024;60125184;1013616640;31.6;161260380160;349025267712
2026-08-20 22:18:20;Carlos;15.3;4.2;6.3;88.3;56.1;9410777088;7376003072;60125184;1013616640;31.6;161260380160;349025267712
2026-08-20 22:18:22;Carlos;12.3;12.5;5.6;80.9;56.3;9449508864;7337271296;60125184;1013616640;31.6;161260380160;349025267712
2026-08-20 22:18:25;Carlos;16.1;14.9;7.1;76.8;56.1;9420341248;7366438912;60125184;1013616640;31.6;161260380160;349025267712
2026-08-20 22:18:27;Carlos;6.9;5.0;3.7;90.7;56.1;9420513280;7366266880;60125184;1013616640;31.6;161260380160;349025267712
2026-08-20 22:18:30;Carlos;8.5;3.0;2.7;93.5;56.2;9426292736;7360487424;60125184;1013616640;31.6;161260380160;349025267712
2026-08-21 10:36:41;Carlos;10.1;2.8;3.1;93.4;70.5;11828621312;4958158848;64778240;1008963584;31.7;161584087040;348701560832
2026-08-21 10:36:44;Carlos;5.1;9.9;1.4;88.2;70.5;11830185984;4956594176;64778240;1008963584;31.7;161584107520;348701540352
2026-08-21 10:36:47;Carlos;20.6;2.9;4.1;92.6;70.8;11889999872;4896780288;64778240;1008963584;31.7;161583874048;348701773824
2026-08-21 10:36:49;Carlos;14.0;3.8;2.1;94.0;70.8;11889692672;4897087488;64778240;1008963584;31.7;161583874048;348701773824
2026-08-21 10:36:52;Carlos;8.6;2.9;2.2;94.8;70.8;11892895744;4893884416;64778240;1008963584;31.7;161583874048;348701773824
2026-08-21 11:52:47;Carlos;11.9;3.8;2.2;92.9;72.4;12155166720;4631613440;32911360;1040830464;31.6;161064648704;349220999168
2026-08-21 11:52:50;Carlos;3.3;6.2;2.3;90.9;72.2;12124377088;4662403072;32911360;1040830464;31.6;161064648704;349220999168
2026-08-21 11:52:52;Carlos;18.8;3.4;3.4;93.0;72.5;12168953856;4617826304;32911360;1040830464;31.6;161064411136;349221236736
2026-08-21 11:52:55;Carlos;2.6;0.6;1.5;96.7;72.5;12166975488;4619804672;32911360;1040830464;31.6;161064411136;349221236736
2026-08-21 11:52:57;Carlos;3.9;0.4;0.3;99.0;72.4;12159758336;4627021824;32911360;1040830464;31.6;161064411136;349221236736
2026-08-21 11:53:00;Carlos;5.6;2.7;3.0;93.9;71.5;12001390592;4785389568;32911360;1040830464;31.6;161064411136;349221236736
2026-08-21 11:53:02;Carlos;6.4;3.0;2.2;94.1;71.3;11972857856;4813922304;32911360;1040830464;31.6;161064411136;349221236736
2026-08-21 11:53:05;Carlos;6.2;1.4;2.1;96.0;71.4;11984654336;4802125824;32911360;1040830464;31.6;161064411136;349221236736
2026-08-21 11:53:07;Carlos;4.5;1.0;1.2;97.4;71.4;11980845056;4805935104;32911360;1040830464;31.6;161064411136;349221236736
2026-08-21 11:53:10;Carlos;3.9;1.2;1.0;97.3;71.3;11972513792;4814266368;32911360;1040830464;31.6;161064411136;349221236736
2026-08-21 11:53:12;Carlos;2.0;0.3;0.9;98.6;71.3;11965050880;4821729280;32911360;1040830464;31.6;161064411136;349221236736
2026-08-21 11:53:15;Carlos;7.6;1.6;1.9;96.2;71.2;11955089408;4831690752;32911360;1040830464;31.6;161064411136;349221236736
2026-08-21 11:53:17;Carlos;3.3;2.6;2.6;94.2;71.2;11953795072;4832985088;32911360;1040830464;31.6;161064415232;349221232640
2026-08-21 11:53:20;Carlos;9.0;2.5;2.4;94.7;71.3;11968368640;4818411520;32911360;1040830464;31.6;161064484864;349221163008
2026-08-21 11:53:23;Carlos;9.6;6.8;2.5;90.3;71.4;11982643200;4804136960;32911360;1040830464;31.6;161065533440;349220114432
2026-08-21 11:53:25;Carlos;10.1;8.2;3.3;87.9;71.6;12019236864;4767543296;32911360;1040830464;31.6;161065533440;349220114432
2026-08-21 11:53:28;Carlos;8.5;3.1;2.6;93.6;71.7;12030468096;4756312064;32911360;1040830464;31.6;161065541632;349220106240
2026-08-21 11:53:30;Carlos;12.5;8.0;2.7;88.8;71.8;12049776640;4737003520;32911360;1040830464;31.6;161066065920;349219581952
2026-08-21 11:53:33;Carlos;9.8;1.2;1.9;96.0;71.7;12042924032;4743856128;32911360;1040830464;31.6;161066299392;349219348480
2026-08-21 11:53:35;Carlos;8.9;7.9;3.0;88.2;71.7;12041330688;4745449472;32911360;1040830464;31.6;161066303488;349219344384
2026-08-21 11:53:38;Carlos;8.6;10.4;6.1;82.7;71.9;12069662720;4717117440;32911360;1040830464;31.6;161067679744;349217968128
2026-08-21 11:53:40;Carlos;7.5;2.3;3.6;93.3;72.0;12078886912;4707893248;32911360;1040830464;31.6;161067679744;349217968128
2026-08-21 11:53:43;Carlos;10.8;8.7;3.3;87.2;72.3;12133892096;4652888064;32911360;1040830464;31.6;161067687936;349217959936
2026-08-21 11:53:45;Carlos;13.0;2.2;3.6;93.8;72.5;12163956736;4622823424;32911360;1040830464;31.6;161067708416;349217939456
2026-08-21 11:53:48;Carlos;21.7;8.7;5.4;85.4;72.8;12224741376;4562038784;32911360;1040830464;31.6;161067782144;349217865728
2026-08-21 11:53:50;Carlos;6.0;2.5;2.1;95.3;72.8;12228976640;4557803520;32911360;1040830464;31.6;161067782144;349217865728
2026-08-21 11:53:53;Carlos;6.2;1.3;1.1;97.1;73.0;12256604160;4530176000;32911360;1040830464;31.6;161069367296;349216280576
2026-08-21 11:53:55;Carlos;3.3;0.8;0.6;98.3;73.0;12258349056;4528431104;32911360;1040830464;31.6;161069486080;349216161792
2026-08-21 11:53:58;Carlos;11.1;14.1;6.1;78.1;72.2;12113289216;4673490944;32911360;1040830464;31.6;161069486080;349216161792
2026-08-21 11:54:00;Carlos;10.4;4.9;2.6;92.1;71.6;12017778688;4769001472;32911360;1040830464;31.6;161069518848;349216129024
2026-08-21 11:54:03;Carlos;1.3;4.3;1.7;93.6;71.6;12022689792;4764090368;32911360;1040830464;31.6;161069518848;349216129024
2026-08-21 11:54:05;Carlos;10.5;7.7;3.3;88.3;72.0;12086394880;4700385280;32911360;1040830464;31.6;161069518848;349216129024
2026-08-21 11:54:08;Carlos;17.7;2.1;2.8;94.3;71.9;12073279488;4713500672;32911360;1040830464;31.6;161069522944;349216124928
2026-08-21 11:54:10;Carlos;8.8;3.4;2.8;93.0;72.1;12101443584;4685336576;32911360;1040830464;31.6;161069522944;349216124928
2026-08-21 11:54:13;Carlos;1.5;0.4;1.2;98.2;72.0;12085137408;4701642752;32911360;1040830464;31.6;161069522944;349216124928
2026-08-21 11:54:15;Carlos;4.9;4.8;2.7;92.0;71.7;12038897664;4747882496;32911360;1040830464;31.6;161069522944;349216124928
2026-08-21 11:54:18;Carlos;6.7;7.4;4.0;87.4;71.6;12027019264;4759760896;32911360;1040830464;31.6;161069522944;349216124928
2026-08-21 11:54:20;Carlos;8.9;13.9;5.2;80.0;71.9;12065636352;4721143808;32911360;1040830464;31.6;161069522944;349216124928
2026-08-21 11:54:23;Carlos;13.4;3.9;4.1;91.5;72.1;12100063232;4686716928;32911360;1040830464;31.6;161069490176;349216157696
2026-08-21 11:54:25;Carlos;5.0;3.9;3.2;92.5;72.1;12104417280;4682362880;32911360;1040830464;31.6;161069498368;349216149504
2026-08-21 11:54:28;Carlos;19.7;6.1;4.6;87.8;72.1;12105859072;4680921088;32911360;1040830464;31.6;161069506560;349216141312
2026-08-21 11:54:30;Carlos;8.7;2.2;1.7;95.8;72.4;12150673408;4636106752;32911360;1040830464;31.6;161069621248;349216026624
2026-08-21 11:54:33;Carlos;7.8;10.6;4.9;83.1;72.2;12112969728;4673810432;32911360;1040830464;31.6;161069629440;349216018432
2026-08-21 11:54:35;Carlos;12.6;11.9;3.7;84.1;72.2;12124483584;4662296576;32911360;1040830464;31.6;161069629440;349216018432
2026-08-21 11:54:38;Carlos;8.9;9.8;5.5;84.0;72.4;12145324032;4641456128;32911360;1040830464;31.6;161069629440;349216018432
2026-08-21 11:54:40;Carlos;8.9;1.4;2.3;95.7;72.3;12129062912;4657717248;32911360;1040830464;31.6;161069637632;349216010240
2026-08-21 11:54:43;Carlos;19.7;6.7;9.3;83.4;72.2;12127096832;4659683328;32911360;1040830464;31.6;161069637632;349216010240
2026-08-21 11:54:45;Carlos;3.2;1.1;1.5;97.1;72.3;12137762816;4649017344;32911360;1040830464;31.6;161069662208;349215985664
2026-08-21 11:54:48;Carlos;3.8;2.5;2.1;94.6;71.7;12042002432;4744777728;32911360;1040830464;31.6;161069662208;349215985664
2026-08-21 11:54:50;Carlos;10.9;7.3;4.8;86.5;71.7;12034985984;4751794176;32911360;1040830464;31.6;161069662208;349215985664
2026-08-21 11:54:53;Carlos;15.1;8.2;2.1;89.2;72.0;12087029760;4699750400;32911360;1040830464;31.6;161069694976;349215952896
2026-08-21 11:54:55;Carlos;7.2;2.3;1.4;95.9;71.7;12039544832;4747235328;32911360;1040830464;31.6;161069699072;349215948800
2026-08-21 11:54:58;Carlos;2.6;1.6;2.9;95.0;71.7;12039000064;4747780096;32911360;1040830464;31.6;161069699072;349215948800
2026-08-21 11:55:00;Carlos;17.0;1.6;3.4;94.0;71.3;11973615616;4813164544;33452032;1040289792;31.6;161069707264;349215940608
2026-08-21 11:55:03;Carlos;10.0;3.4;3.6;92.2;71.2;11954610176;4832169984;33452032;1040289792;31.6;161069830144;349215817728
2026-08-21 11:55:05;Carlos;13.7;2.6;3.4;93.1;71.2;11960147968;4826632192;33452032;1040289792;31.6;161065963520;349219684352
2026-08-21 11:55:08;Carlos;9.9;9.5;1.9;88.2;71.4;11984887808;4801892352;33452032;1040289792;31.6;161065979904;349219667968
2026-08-21 11:55:10;Carlos;6.3;4.4;2.4;92.9;71.7;12028399616;4758380544;33452032;1040289792;31.6;161065984000;349219663872
2026-08-21 11:55:13;Carlos;7.7;2.6;2.4;94.7;71.8;12055601152;4731179008;33452032;1040289792;31.6;161065984000;349219663872
2026-08-21 11:55:15;Carlos;4.4;1.4;1.1;96.9;71.8;12048662528;4738117632;33452032;1040289792;31.6;161065984000;349219663872
2026-08-21 11:55:18;Carlos;4.3;1.3;1.8;96.5;71.8;12053663744;4733116416;33452032;1040289792;31.6;161065984000;349219663872
2026-08-21 11:55:20;Carlos;3.7;2.5;2.3;94.6;71.8;12057829376;4728950784;33452032;1040289792;31.6;161066049536;349219598336
2026-08-21 11:55:23;Carlos;8.7;0.4;1.4;97.7;71.4;11983265792;4803514368;33452032;1040289792;31.6;161066049536;349219598336
2026-08-21 11:55:25;Carlos;3.2;1.7;2.2;95.8;71.3;11969818624;4816961536;33452032;1040289792;31.6;161066049536;349219598336
2026-08-21 11:55:28;Carlos;9.8;14.6;5.7;78.5;71.6;12014280704;4772499456;33452032;1040289792;31.6;161066049536;349219598336
2026-08-21 11:55:30;Carlos;10.9;6.3;3.0;89.7;71.7;12028940288;4757839872;33452032;1040289792;31.6;161066053632;349219594240
2026-08-21 11:55:33;Carlos;11.6;6.3;3.1;90.6;72.0;12090253312;4696526848;33452032;1040289792;31.6;161066053632;349219594240
2026-08-21 11:55:35;Carlos;8.2;7.6;3.6;88.4;71.7;12031344640;4755435520;33452032;1040289792;31.6;161066053632;349219594240
2026-08-21 11:55:38;Carlos;13.6;8.2;3.4;88.0;71.7;12036616192;4750163968;33452032;1040289792;31.6;161066119168;349219528704
2026-08-21 11:55:40;Carlos;7.7;1.8;2.1;95.6;71.7;12033458176;4753321984;33452032;1040289792;31.6;161066123264;349219524608
2026-08-21 11:55:43;Carlos;6.1;5.3;4.1;89.4;71.7;12033662976;4753117184;33452032;1040289792;31.6;161066123264;349219524608
2026-08-21 11:55:45;Carlos;8.1;9.9;3.3;86.2;71.9;12077580288;4709199872;33452032;1040289792;31.6;161066143744;349219504128
2026-08-21 11:55:48;Carlos;11.7;3.4;2.1;94.0;72.0;12085092352;4701687808;33452032;1040289792;31.6;161066143744;349219504128
2026-08-21 11:55:50;Carlos;15.7;4.0;3.4;91.6;72.2;12117069824;4669710336;33452032;1040289792;31.6;161066143744;349219504128
2026-08-21 11:55:53;Carlos;4.5;0.9;2.6;96.0;72.2;12115607552;4671172608;33452032;1040289792;31.6;161066209280;349219438592
2026-08-21 11:55:55;Carlos;2.1;3.6;3.9;91.7;72.2;12120903680;4665876480;33452032;1040289792;31.6;161066209280;349219438592
2026-08-21 11:55:58;Carlos;8.0;3.3;4.7;91.4;72.0;12086628352;4700151808;33452032;1040289792;31.6;161066000384;349219647488
2026-08-21 11:56:00;Carlos;8.5;2.5;1.6;95.5;71.7;12035698688;4751081472;33452032;1040289792;31.6;161066000384;349219647488
2026-08-21 11:56:03;Carlos;12.0;4.9;2.8;91.8;71.8;12051673088;4735107072;33452032;1040289792;31.6;161066008576;349219639296
2026-08-21 11:56:05;Carlos;2.2;0.9;1.7;97.1;71.7;12039516160;4747264000;33452032;1040289792;31.6;161066024960;349219622912
2026-08-21 11:56:08;Carlos;9.1;1.6;1.3;96.9;71.7;12033486848;4753293312;33452032;1040289792;31.6;161066024960;349219622912
2026-08-21 11:56:10;Carlos;2.8;3.6;1.0;95.0;71.6;12023816192;4762963968;33452032;1040289792;31.6;161066024960;349219622912
2026-08-21 11:56:13;Carlos;5.4;0.6;1.2;97.8;71.5;12003909632;4782870528;33452032;1040289792;31.6;161066033152;349219614720
2026-08-21 11:56:15;Carlos;2.6;9.0;2.5;88.3;71.6;12021489664;4765290496;33452032;1040289792;31.6;161066156032;349219491840
2026-08-21 11:56:18;Carlos;12.3;10.1;3.8;84.9;71.8;12048007168;4738772992;33452032;1040289792;31.6;161066160128;349219487744
2026-08-21 12:52:56;Carlos;19.3;17.5;10.2;70.3;70.0;11745218560;5041561600;66740224;1007001600;31.6;161311412224;348974235648
2026-08-21 12:52:59;Carlos;19.5;18.9;10.7;70.1;71.7;12029030400;4757749760;66740224;1007001600;31.6;161320771584;348964876288
2026-08-21 12:53:02;Carlos;48.2;7.6;7.3;83.4;73.1;12278013952;4508766208;66740224;1007001600;31.6;161368535040;348917112832
2026-08-21 12:53:04;Carlos;34.1;13.2;7.1;78.2;73.3;12305551360;4481228800;66740224;1007001600;31.6;161369542656;348916105216
2026-08-21 12:53:07;Carlos;11.3;7.3;5.5;86.7;73.3;12304932864;4481847296;66740224;1007001600;31.6;161369686016;348915961856
2026-08-21 12:53:09;Carlos;10.9;9.0;4.8;85.4;73.2;12282769408;4504010752;66740224;1007001600;31.6;161369817088;348915830784
2026-08-21 12:53:12;Carlos;14.3;6.0;4.6;88.7;71.0;11917426688;4869353472;66740224;1007001600;31.6;161312980992;348972666880
2026-08-21 12:53:14;Carlos;12.8;3.6;3.0;92.5;71.1;11928215552;4858564608;66740224;1007001600;31.6;161312980992;348972666880
2026-08-22 13:23:44;Carlos;14.5;4.7;3.0;91.1;50.2;8427102208;8359677952;1957888;1071783936;31.7;161809252352;348476395520
2026-08-22 13:23:47;Carlos;9.0;5.2;2.4;91.4;50.3;8448565248;8338214912;1957888;1071783936;31.7;161809252352;348476395520
2026-08-22 13:23:50;Carlos;33.8;3.4;3.2;92.2;51.1;8579620864;8207159296;1957888;1071783936;31.7;161808969728;348476678144
2026-08-22 13:23:59;Carlos;14.7;4.5;5.4;88.4;48.5;8136204288;8650575872;1957888;1071783936;31.7;161808973824;348476674048
2026-08-22 13:24:01;Carlos;9.8;2.3;2.7;94.5;48.5;8140398592;8646381568;1957888;1071783936;31.7;161808973824;348476674048
2026-08-22 13:24:03;Carlos;5.9;4.8;2.9;91.6;48.0;8058630144;8728150016;1957888;1071783936;31.7;161808973824;348476674048
2026-08-22 13:24:05;Carlos;9.3;3.2;3.9;91.9;47.8;8023896064;8762884096;1957888;1071783936;31.7;161808973824;348476674048
2026-08-22 13:24:07;Carlos;7.3;1.4;0.7;97.6;47.7;8008601600;8778178560;1957888;1071783936;31.7;161808973824;348476674048
2026-08-22 13:24:10;Carlos;14.2;5.5;3.1;90.4;47.8;8026124288;8760655872;1957888;1071783936;31.7;161808973824;348476674048
2026-08-22 13:24:12;Carlos;12.2;6.2;1.4;91.8;47.9;8041979904;8744800256;1957888;1071783936;31.7;161808973824;348476674048
2026-08-22 13:24:14;Carlos;8.8;3.3;2.4;93.2;47.9;8048107520;8738672640;1957888;1071783936;31.7;161808973824;348476674048
2026-08-22 13:24:16;Carlos;7.4;1.6;2.7;95.1;48.0;8053682176;8733097984;1957888;1071783936;31.7;161808973824;348476674048
2026-08-22 13:24:18;Carlos;4.7;1.3;2.1;96.1;48.0;8053911552;8732868608;1957888;1071783936;31.7;161808973824;348476674048
2026-08-22 13:24:20;Carlos;6.2;2.3;3.7;93.3;47.9;8048234496;8738545664;1957888;1071783936;31.7;161809113088;348476534784
2026-08-22 13:24:22;Carlos;14.4;18.7;11.9;69.0;48.0;8052436992;8734343168;1957888;1071783936;31.7;161805766656;348479881216
2026-08-22 13:24:24;Carlos;23.5;4.7;4.7;89.6;47.9;8046944256;8739835904;1957888;1071783936;31.7;161805500416;348480147456
2026-08-22 13:24:26;Carlos;15.3;16.2;6.5;76.4;48.4;8126685184;8660094976;1957888;1071783936;31.7;161806548992;348479098880
2026-08-22 13:24:28;Carlos;23.1;16.7;4.9;77.5;48.8;8199557120;8587223040;1957888;1071783936;31.7;161806548992;348479098880
2026-08-22 13:24:30;Carlos;19.3;16.5;2.6;80.5;48.7;8169140224;8617639936;1957888;1071783936;31.7;161808805888;348476841984
2026-08-22 13:24:32;Carlos;20.2;12.3;2.6;84.3;48.6;8159838208;8626941952;1957888;1071783936;31.7;161808809984;348476837888
2026-08-22 13:24:34;Carlos;16.6;5.9;5.6;87.1;48.2;8089841664;8696938496;1957888;1071783936;31.7;161810255872;348475392000
2026-08-22 13:24:36;Carlos;13.2;7.8;6.1;84.5;48.3;8111652864;8675127296;1957888;1071783936;31.7;161811312640;348474335232
2026-08-22 13:24:38;Carlos;14.0;3.3;6.4;88.3;48.3;8104636416;8682143744;1957888;1071783936;31.7;161812738048;348472909824
2026-08-22 13:24:40;Carlos;13.4;10.8;9.3;77.9;48.9;8203747328;8583032832;1957888;1071783936;31.7;161819254784;348466393088
2026-08-22 13:24:42;Carlos;12.6;3.7;6.5;88.6;49.0;8229707776;8557072384;1957888;1071783936;31.7;161845129216;348440518656
2026-08-22 13:24:44;Carlos;13.8;2.7;5.9;90.1;48.8;8196751360;8590028800;1957888;1071783936;31.7;161868177408;348417470464
2026-08-22 13:24:46;Carlos;11.2;8.8;10.2;79.1;48.9;8205037568;8581742592;1957888;1071783936;31.7;161880522752;348405125120
2026-08-22 13:54:40;Carlos;24.8;14.0;9.0;76.4;55.5;9317531648;7469248512;101236736;972505088;31.2;159381786624;350903861248
2026-08-22 13:54:43;Carlos;20.6;14.9;4.8;79.5;55.4;9303220224;7483559936;101236736;972505088;31.2;159377612800;350908035072
2026-08-22 13:54:46;Carlos;23.3;16.3;12.6;70.5;55.6;9341243392;7445536768;101236736;972505088;31.2;159377477632;350908170240
2026-08-22 13:54:48;Carlos;29.7;8.8;16.8;73.2;55.6;9330376704;7456403456;101236736;972505088;31.2;159377985536;350907662336
2026-08-22 13:54:51;Carlos;28.1;5.1;21.4;72.8;55.8;9361014784;7425765376;101236736;972505088;31.2;159380127744;350905520128
2026-08-22 13:54:53;Carlos;28.1;6.3;18.7;74.2;56.1;9414377472;7372402688;101236736;972505088;31.2;159390662656;350894985216
2026-08-22 13:54:56;Carlos;22.0;9.9;16.7;71.3;56.3;9456832512;7329947648;101236736;972505088;31.2;159391039488;350894608384
2026-08-22 13:54:58;Carlos;26.3;5.2;15.9;78.2;55.7;9346416640;7440363520;101236736;972505088;31.2;159391903744;350893744128
2026-08-22 13:55:01;Carlos;21.1;11.3;9.4;78.7;55.8;9368813568;7417966592;101236736;972505088;31.2;159416582144;350869065728
2026-08-22 13:55:03;Carlos;20.9;10.6;9.6;79.1;55.7;9345982464;7440797696;101236736;972505088;31.2;159418482688;350867165184
2026-08-22 13:55:06;Carlos;22.9;15.1;8.8;75.5;55.6;9339990016;7446790144;101236736;972505088;31.2;159426711552;350858936320
2026-08-22 13:55:08;Carlos;15.1;7.2;3.0;89.6;55.5;9320300544;7466479616;101236736;972505088;31.2;159404838912;350880808960
2026-08-22 13:55:11;Carlos;10.8;8.8;5.8;85.1;55.3;9288077312;7498702848;101236736;972505088;31.2;159404462080;350881185792
2026-08-22 13:55:13;Carlos;18.7;12.4;11.2;76.0;55.3;9287364608;7499415552;101236736;972505088;31.2;159404134400;350881513472
2026-08-22 13:55:16;Carlos;19.1;15.6;8.5;75.8;55.5;9314975744;7471804416;101236736;972505088;31.2;159405064192;350880583680
2026-08-22 13:55:18;Carlos;16.1;7.2;5.0;87.1;54.9;9211564032;7575216128;101236736;972505088;31.2;159403364352;350882283520
2026-08-22 13:55:21;Carlos;10.2;7.2;3.8;88.9;54.7;9182072832;7604707328;101138432;972603392;31.2;159403364352;350882283520
2026-08-22 13:55:23;Carlos;9.4;8.3;2.3;89.3;54.7;9174818816;7611961344;101138432;972603392;31.2;159403433984;350882213888
2026-08-22 13:55:26;Carlos;10.2;7.4;3.8;88.6;54.6;9166700544;7620079616;101138432;972603392;31.2;159403614208;350882033664
2026-08-22 13:55:28;Carlos;10.1;1.4;7.6;90.4;54.6;9162199040;7624581120;101138432;972603392;31.2;159403614208;350882033664
2026-08-22 13:55:31;Carlos;12.2;3.8;7.7;88.4;54.6;9162805248;7623974912;101138432;972603392;31.2;159403614208;350882033664
2026-08-22 13:55:33;Carlos;13.5;2.5;8.1;89.3;54.6;9169760256;7617019904;101138432;972603392;31.2;159403634688;350882013184
2026-08-22 13:55:36;Carlos;11.3;2.9;6.8;90.0;54.5;9157074944;7629705216;101138432;972603392;31.2;159403642880;350882004992
2026-08-22 13:55:38;Carlos;12.0;2.3;7.7;90.0;54.6;9162944512;7623835648;101138432;972603392;31.2;159403757568;350881890304
2026-08-22 13:55:41;Carlos;10.4;1.7;8.4;89.6;54.5;9154797568;7631982592;101138432;972603392;31.2;159403806720;350881841152
2026-08-22 13:55:43;Carlos;11.3;2.9;7.9;89.0;54.5;9150689280;7636090880;101138432;972603392;31.2;159403806720;350881841152
2026-08-22 13:55:46;Carlos;11.8;1.8;7.9;90.1;54.5;9152847872;7633932288;101138432;972603392;31.2;159403806720;350881841152
2026-08-22 13:55:48;Carlos;10.5;2.5;7.1;90.1;54.4;9130250240;7656529920;101138432;972603392;31.2;159403806720;350881841152
2026-08-22 13:55:51;Carlos;11.3;1.6;7.9;90.4;54.5;9142558720;7644221440;101138432;972603392;31.2;159403806720;350881841152
2026-08-22 13:55:53;Carlos;9.4;7.4;2.8;89.4;54.5;9147584512;7639195648;101138432;972603392;31.2;159403941888;350881705984
2026-08-22 13:55:56;Carlos;9.2;7.1;2.7;89.9;54.5;9147592704;7639187456;101138432;972603392;31.2;159403536384;350882111488
2026-08-22 13:55:58;Carlos;10.5;7.5;1.8;90.5;54.5;9148981248;7637798912;101138432;972603392;31.2;159403675648;350881972224
2026-08-22 13:56:01;Carlos;10.5;6.6;3.0;89.8;54.5;9141051392;7645728768;101138432;972603392;31.2;159403806720;350881841152
2026-08-22 13:56:03;Carlos;9.9;7.5;5.1;87.0;54.2;9092792320;7693987840;101138432;972603392;31.2;159403937792;350881710080
2026-08-22 13:56:06;Carlos;5.2;2.4;2.4;95.0;54.2;9090236416;7696543744;101138432;972603392;31.2;159403966464;350881681408
2026-08-22 13:56:08;Carlos;9.8;5.4;5.4;89.0;54.1;9079365632;7707414528;101138432;972603392;31.2;159403966464;350881681408
2026-08-22 13:56:11;Carlos;2.1;0.4;0.0;99.6;54.0;9059807232;7726972928;101138432;972603392;31.2;159403966464;350881681408
2026-08-22 13:56:13;Carlos;11.6;6.5;2.5;90.8;54.0;9060716544;7726063616;101138432;972603392;31.2;159404032000;350881615872
2026-08-22 13:56:16;Carlos;9.6;2.5;7.7;89.8;54.0;9062318080;7724462080;101138432;972603392;31.2;159404032000;350881615872
2026-08-22 13:56:18;Carlos;9.9;3.0;6.9;90.1;54.0;9069137920;7717642240;101138432;972603392;31.2;159404032000;350881615872
2026-08-22 13:56:21;Carlos;10.5;2.4;8.1;89.1;54.0;9057415168;7729364992;101138432;972603392;31.2;159404032000;350881615872
2026-08-22 13:56:23;Carlos;11.3;10.1;2.0;87.5;54.0;9057484800;7729295360;101138432;972603392;31.2;159404032000;350881615872
2026-08-22 13:56:26;Carlos;10.7;7.3;2.7;89.8;53.9;9052946432;7733833728;101138432;972603392;31.2;159404032000;350881615872
2026-08-22 13:56:28;Carlos;10.8;8.5;2.4;88.5;54.0;9070309376;7716470784;101138432;972603392;31.2;159403839488;350881808384
2026-08-22 13:56:31;Carlos;15.9;8.1;3.3;87.8;54.1;9073623040;7713157120;101138432;972603392;31.2;159403839488;350881808384
2026-08-23 19:31:47;Carlos;21.7;12.7;4.9;81.5;83.1;13941755904;2845024256;342556672;2889265152;32.3;164579966976;345705680896
2026-08-23 19:31:49;Carlos;17.0;4.3;3.5;91.7;83.1;13944250368;2842529792;342425600;2889396224;32.3;164579905536;345705742336
2026-08-23 19:31:52;Carlos;14.6;7.9;5.9;85.0;82.8;13905469440;2881310720;342425600;2889396224;32.3;164579905536;345705742336
2026-08-23 19:31:54;Carlos;18.4;4.4;2.8;92.1;82.9;13912502272;2874277888;342425600;2889396224;32.3;164579987456;345705660416
2026-08-23 19:31:57;Carlos;7.8;9.6;4.9;84.7;82.9;13922508800;2864271360;342425600;2889396224;32.3;164579987456;345705660416
2026-08-23 19:31:59;Carlos;12.3;12.8;6.7;79.4;83.1;13955809280;2830970880;342425600;2889396224;32.3;164581412864;345704235008
2026-08-23 19:32:02;Carlos;17.6;4.2;2.9;92.7;83.1;13947785216;2838994944;342425600;2889396224;32.3;164581412864;345704235008
2026-08-23 19:32:04;Carlos;8.9;7.9;3.9;87.9;82.9;13917179904;2869600256;342425600;2889396224;32.3;164581412864;345704235008
2026-08-23 19:32:07;Carlos;15.8;12.7;8.0;78.6;82.8;13900992512;2885787648;342425600;2889396224;32.3;164581412864;345704235008
2026-08-23 19:32:09;Carlos;16.6;10.9;5.2;83.1;82.2;13792735232;2994044928;347897856;2883923968;32.3;164581412864;345704235008
2026-08-23 19:32:12;Carlos;19.2;4.6;3.7;91.0;82.1;13787811840;2998968320;347897856;2883923968;32.3;164581412864;345704235008
2026-08-23 19:32:14;Carlos;15.7;32.1;4.8;62.5;82.1;13781479424;3005300736;347897856;2883923968;32.3;164581412864;345704235008
2026-08-23 19:32:17;Carlos;31.6;15.6;3.0;81.1;82.1;13784662016;3002118144;347897856;2883923968;32.3;164581416960;345704230912
2026-08-23 19:32:57;Carlos;27.8;6.9;4.7;87.5;81.7;13716004864;3070775296;348028928;2883792896;32.3;164583301120;345702346752
2026-08-23 19:32:59;Carlos;14.2;13.1;6.7;79.1;83.0;13940969472;2845810688;348028928;2883792896;32.3;164583370752;345702277120
2026-08-23 19:33:02;Carlos;15.0;5.5;7.3;86.4;82.4;13835337728;2951442432;353296384;2878525440;32.3;164583378944;345702268928
2026-08-23 19:33:05;Carlos;11.6;5.3;6.4;87.3;82.3;13819338752;2967441408;353296384;2878525440;32.3;164583448576;345702199296
2026-08-23 19:33:07;Carlos;11.0;6.5;4.0;88.5;82.3;13807710208;2979069952;353296384;2878525440;32.3;164583567360;345702080512
2026-08-23 19:33:10;Carlos;12.9;8.7;7.0;83.3;81.9;13745311744;3041468416;353296384;2878525440;32.3;164583632896;345702014976
2026-08-23 19:33:12;Carlos;12.0;6.7;5.3;87.2;81.5;13681217536;3105562624;353296384;2878525440;32.3;164583632896;345702014976
2026-08-23 19:33:15;Carlos;13.1;4.7;4.8;89.3;81.5;13678837760;3107942400;353296384;2878525440;32.3;164583632896;345702014976
2026-08-23 19:33:17;Carlos;13.7;6.9;4.3;88.0;81.5;13677297664;3109482496;353296384;2878525440;32.3;164583632896;345702014976
2026-08-23 19:33:20;Carlos;11.0;7.4;4.6;87.7;81.4;13672476672;3114303488;353296384;2878525440;32.3;164583632896;345702014976
2026-08-23 19:33:22;Carlos;11.1;6.0;3.7;89.6;81.4;13672271872;3114508288;353296384;2878525440;32.3;164583632896;345702014976
2026-08-23 19:33:25;Carlos;10.1;5.5;3.8;90.0;81.4;13668614144;3118166016;353296384;2878525440;32.3;164583632896;345702014976
2026-08-23 19:33:27;Carlos;11.5;6.1;5.6;87.6;81.4;13665976320;3120803840;353296384;2878525440;32.3;164583632896;345702014976
2026-08-23 19:33:30;Carlos;11.3;7.5;3.4;88.3;81.4;13666050048;3120730112;353296384;2878525440;32.3;164583632896;345702014976
2026-08-23 19:33:32;Carlos;16.0;6.1;3.7;89.5;81.4;13667041280;3119738880;353296384;2878525440;32.3;164583567360;345702080512
2026-08-23 19:33:35;Carlos;11.1;5.5;5.4;88.2;81.8;13738065920;3048714240;353296384;2878525440;32.3;164583632896;345702014976
2026-08-23 19:33:37;Carlos;17.6;6.8;4.9;87.4;81.4;13662445568;3124334592;353296384;2878525440;32.3;164583632896;345702014976
2026-08-23 19:33:40;Carlos;12.9;8.5;4.1;86.4;81.4;13665861632;3120918528;353296384;2878525440;32.3;164583698432;345701949440
2026-08-23 19:33:42;Carlos;11.9;6.6;6.2;85.5;81.4;13656633344;3130146816;353296384;2878525440;32.3;164583698432;345701949440
2026-08-23 19:33:45;Carlos;12.1;5.6;4.8;88.6;81.2;13625352192;3161427968;353296384;2878525440;32.3;164583698432;345701949440
2026-08-23 19:33:47;Carlos;11.8;5.6;3.2;90.9;81.2;13639024640;3147755520;353296384;2878525440;32.3;164583698432;345701949440
2026-08-23 19:33:50;Carlos;10.9;6.2;3.0;90.6;81.2;13633957888;3152822272;353296384;2878525440;32.3;164583702528;345701945344
2026-08-23 19:33:53;Carlos;12.0;7.7;5.3;86.4;81.2;13629386752;3157393408;353296384;2878525440;32.3;164583825408;345701822464
2026-08-23 19:33:55;Carlos;15.6;6.5;3.7;89.3;81.2;13638549504;3148230656;353296384;2878525440;32.3;164583825408;345701822464
2026-08-23 19:33:58;Carlos;7.9;4.2;5.1;89.4;81.1;13622460416;3164319744;348315648;2883506176;32.3;164583825408;345701822464
2026-08-23 19:34:00;Carlos;8.1;5.9;4.0;89.0;81.1;13618044928;3168735232;348315648;2883506176;32.3;164583890944;345701756928
2026-08-23 19:34:03;Carlos;9.6;7.7;3.9;87.3;81.1;13620822016;3165958144;348315648;2883506176;32.3;164583890944;345701756928
2026-08-23 19:34:05;Carlos;9.9;7.1;5.2;86.8;81.0;13601587200;3185192960;348315648;2883506176;32.3;164583825408;345701822464
2026-08-23 19:34:08;Carlos;12.1;6.3;5.1;87.1;81.0;13605007360;3181772800;348315648;2883506176;32.3;164583825408;345701822464
2026-08-23 19:34:10;Carlos;15.1;6.7;3.9;88.9;80.8;13564174336;3222605824;348315648;2883506176;32.3;164583890944;345701756928
2026-08-23 19:34:13;Carlos;10.4;5.5;4.0;89.6;80.8;13556641792;3230138368;348315648;2883506176;32.3;164583890944;345701756928
2026-08-23 19:34:15;Carlos;14.5;6.7;6.2;86.2;80.6;13537046528;3249733632;348315648;2883506176;32.3;164583895040;345701752832
2026-08-23 19:34:18;Carlos;16.2;7.3;6.0;85.6;80.6;13537755136;3249025024;348315648;2883506176;32.3;164583895040;345701752832
2026-08-23 19:34:21;Carlos;12.1;7.1;4.8;87.7;80.6;13521960960;3264819200;348028928;2883792896;32.3;164584484864;345701163008
2026-08-23 19:34:23;Carlos;10.2;6.4;4.0;88.5;80.6;13529841664;3256938496;348028928;2883792896;32.3;164584484864;345701163008
2026-08-23 19:34:26;Carlos;14.1;4.9;3.6;90.8;80.6;13524189184;3262590976;348028928;2883792896;32.3;164584484864;345701163008
2026-08-23 19:34:28;Carlos;12.8;7.1;7.7;83.4;80.7;13541773312;3245006848;348028928;2883792896;32.3;164584484864;345701163008
2026-08-23 19:34:31;Carlos;10.8;5.4;4.4;88.9;80.6;13536120832;3250659328;348028928;2883792896;32.3;164584484864;345701163008
2026-08-23 19:34:33;Carlos;12.3;6.1;4.9;87.3;80.6;13533048832;3253731328;348028928;2883792896;32.3;164584484864;345701163008
2026-08-23 19:34:36;Carlos;11.0;6.2;3.4;89.8;80.7;13539778560;3247001600;348028928;2883792896;32.3;164584484864;345701163008
2026-08-23 19:34:38;Carlos;12.1;6.7;8.1;84.3;80.6;13532962816;3253817344;348028928;2883792896;32.3;164584488960;345701158912
2026-08-23 19:34:41;Carlos;10.5;6.4;5.0;87.8;80.6;13537853440;3248926720;348028928;2883792896;32.3;164584431616;345701216256
2026-08-23 19:34:43;Carlos;13.8;6.0;3.4;90.0;80.7;13538549760;3248230400;348028928;2883792896;32.3;164584681472;345700966400
2026-08-23 19:34:46;Carlos;13.4;5.6;9.6;83.5;81.0;13603713024;3183067136;348028928;2883792896;32.3;164584747008;345700900864
2026-08-23 19:34:48;Carlos;13.0;6.1;5.9;86.9;81.0;13601091584;3185688576;348028928;2883792896;32.3;164584861696;345700786176
2026-08-23 19:34:51;Carlos;13.4;6.6;4.4;87.9;81.0;13602689024;3184091136;348028928;2883792896;32.3;164584861696;345700786176
2026-08-23 19:34:53;Carlos;12.7;10.6;5.1;83.6;81.0;13600215040;3186565120;348028928;2883792896;32.3;164584861696;345700786176
2026-08-23 19:34:56;Carlos;12.1;5.5;9.0;84.2;81.1;13615501312;3171278848;348028928;2883792896;32.3;164584861696;345700786176
2026-08-23 19:34:58;Carlos;12.6;7.9;4.3;86.6;81.0;13598343168;3188436992;348028928;2883792896;32.3;164584861696;345700786176
2026-08-23 19:35:01;Carlos;14.4;10.5;2.9;86.2;80.9;13586194432;3200585728;348028928;2883792896;32.3;164584796160;345700851712
2026-08-23 19:35:04;Carlos;12.5;6.9;3.5;88.3;80.9;13588803584;3197976576;348028928;2883792896;32.3;164584861696;345700786176
2026-08-23 19:35:06;Carlos;10.6;5.7;4.8;87.9;81.0;13592895488;3193884672;348028928;2883792896;32.3;164584861696;345700786176
2026-08-23 19:35:09;Carlos;15.1;8.0;8.0;81.7;81.1;13620613120;3166167040;348028928;2883792896;32.3;164584861696;345700786176
2026-08-23 19:35:11;Carlos;16.5;17.5;7.5;73.2;82.0;13765361664;3021418496;348028928;2883792896;32.3;164584927232;345700720640
2026-08-23 19:35:14;Carlos;15.8;8.2;5.9;83.1;82.1;13786951680;2999828480;348028928;2883792896;32.3;164584226816;345701421056
2026-08-23 19:35:16;Carlos;11.5;9.4;7.8;81.8;81.9;13741109248;3045670912;348028928;2883792896;32.3;164584226816;345701421056
2026-08-23 19:35:19;Carlos;30.9;23.6;12.1;63.0;83.0;13933223936;2853556224;348028928;2883792896;32.3;164584480768;345701167104
2026-08-23 19:35:21;Carlos;20.6;5.0;4.9;89.1;82.9;13923864576;2862915584;348028928;2883792896;32.3;164584484864;345701163008
2026-08-23 19:35:24;Carlos;22.6;26.0;7.5;64.8;82.9;13909495808;2877284352;348028928;2883792896;32.3;164584689664;345700958208
2026-08-23 19:35:26;Carlos;14.8;4.6;4.0;90.3;82.6;13871398912;2915381248;348028928;2883792896;32.3;164584812544;345700835328
2026-08-23 19:35:29;Carlos;18.8;8.7;4.1;86.4;82.6;13860982784;2925797376;348028928;2883792896;32.3;164584812544;345700835328
2026-08-23 19:35:31;Carlos;10.4;5.4;3.3;90.6;82.5;13843795968;2942984192;348028928;2883792896;32.3;164584747008;345700900864
2026-08-23 19:35:34;Carlos;7.7;5.7;3.0;90.5;82.4;13830766592;2956013568;348028928;2883792896;32.3;164584812544;345700835328
2026-08-23 19:35:36;Carlos;11.2;6.1;4.6;88.2;82.3;13810171904;2976608256;348028928;2883792896;32.3;164584812544;345700835328
2026-08-23 19:35:39;Carlos;42.4;10.8;7.4;81.0;82.8;13894283264;2892496896;348028928;2883792896;32.3;164585013248;345700634624
2026-08-23 19:35:41;Carlos;16.2;7.1;4.2;87.3;82.8;13901717504;2885062656;348028928;2883792896;32.3;164585013248;345700634624
2026-08-23 19:35:44;Carlos;21.0;12.9;8.2;76.9;83.2;13966880768;2819899392;348028928;2883792896;32.3;164585000960;345700646912
2026-08-23 19:35:46;Carlos;41.9;4.1;4.5;90.0;83.9;14084374528;2702405632;348028928;2883792896;32.3;164585000960;345700646912
2026-08-23 19:35:49;Carlos;12.9;6.5;5.3;86.3;83.5;14009253888;2777526272;348028928;2883792896;32.3;164585000960;345700646912
2026-08-23 19:35:51;Carlos;9.8;6.2;3.9;89.0;82.8;13907124224;2879655936;348028928;2883792896;32.3;164601139200;345684508672
2026-08-23 19:35:54;Carlos;13.5;5.9;4.9;87.2;82.7;13879881728;2906898432;348028928;2883792896;32.3;164601139200;345684508672
2026-08-23 19:35:56;Carlos;12.7;5.3;6.5;86.1;82.4;13833998336;2952781824;348028928;2883792896;32.3;164601204736;345684443136
2026-08-23 19:35:59;Carlos;12.0;4.7;5.2;88.1;82.4;13824610304;2962169856;348028928;2883792896;32.3;164601204736;345684443136
2026-08-23 19:36:01;Carlos;15.5;5.6;5.4;87.5;82.3;13819535360;2967244800;348028928;2883792896;32.3;164600942592;345684705280
2026-08-23 19:36:04;Carlos;12.7;5.5;5.0;88.1;82.4;13825556480;2961223680;348028928;2883792896;32.3;164600885248;345684762624
2026-08-23 19:36:07;Carlos;16.1;7.0;5.3;86.4;82.0;13757075456;3029704704;348028928;2883792896;32.3;164601073664;345684574208
2026-08-23 19:36:09;Carlos;14.9;5.6;6.4;86.1;81.7;13710053376;3076726784;348028928;2883792896;32.3;164601073664;345684574208
2026-08-23 19:36:12;Carlos;11.9;5.7;5.0;87.4;81.7;13709312000;3077468160;348028928;2883792896;32.3;164601073664;345684574208
2026-08-23 19:36:14;Carlos;11.9;10.0;11.4;77.7;82.5;13849939968;2936840192;342528000;2889293824;32.3;164602249216;345683398656
2026-08-23 19:36:17;Carlos;14.1;7.0;8.0;82.2;82.5;13843464192;2943315968;342528000;2889293824;32.3;164602249216;345683398656
2026-08-23 19:36:19;Carlos;12.7;6.9;5.2;86.4;82.4;13836939264;2949840896;342528000;2889293824;32.3;164602314752;345683333120
2026-08-23 19:36:22;Carlos;14.6;5.2;4.4;88.2;82.4;13839187968;2947592192;342528000;2889293824;32.3;164602380288;345683267584
2026-08-23 19:36:24;Carlos;11.7;5.9;5.3;86.7;82.4;13834244096;2952536064;342528000;2889293824;32.3;164602380288;345683267584
2026-08-23 19:36:27;Carlos;10.4;7.4;3.8;87.4;82.3;13813514240;2973265920;342528000;2889293824;32.3;164602380288;345683267584
2026-08-23 19:36:29;Carlos;12.1;5.8;5.2;87.1;82.3;13810892800;2975887360;342528000;2889293824;32.3;164602445824;345683202048
2026-08-23 19:36:32;Carlos;15.6;7.2;6.9;84.0;82.1;13782675456;3004104704;342528000;2889293824;32.3;164602445824;345683202048
2026-08-23 19:36:34;Carlos;13.7;10.0;5.5;82.7;82.1;13778432000;3008348160;342528000;2889293824;32.3;164602380288;345683267584
2026-08-23 19:36:37;Carlos;12.4;5.3;7.1;86.4;81.7;13710749696;3076030464;342528000;2889293824;32.3;164602445824;345683202048
2026-08-23 19:36:39;Carlos;11.1;7.2;3.7;87.6;81.7;13706530816;3080249344;342528000;2889293824;32.3;164602445824;345683202048
2026-08-23 19:36:42;Carlos;13.6;5.4;6.2;86.1;81.7;13711167488;3075612672;342528000;2889293824;32.3;164602449920;345683197952
2026-08-23 19:36:44;Carlos;15.1;7.9;4.7;86.0;81.2;13631221760;3155558400;342528000;2889293824;32.3;164602458112;345683189760
2026-08-23 19:36:47;Carlos;13.4;6.2;4.7;88.3;81.3;13640835072;3145945088;342528000;2889293824;32.3;164602466304;345683181568
2026-08-23 19:36:49;Carlos;13.7;8.8;5.4;84.0;81.2;13631266816;3155513344;342528000;2889293824;32.3;164602408960;345683238912
2026-08-23 19:36:52;Carlos;13.9;9.0;2.8;87.7;81.2;13638557696;3148222464;342528000;2889293824;32.3;164602511360;345683136512
2026-08-23 19:36:54;Carlos;13.4;9.4;3.6;86.2;81.2;13634469888;3152310272;342528000;2889293824;32.3;164602576896;345683070976
2026-08-23 19:36:57;Carlos;14.2;9.3;3.5;86.1;81.2;13635817472;3150962688;342528000;2889293824;32.3;164602576896;345683070976
2026-08-23 19:36:59;Carlos;14.1;9.3;4.1;85.6;81.2;13631434752;3155345408;342528000;2889293824;32.3;164602580992;345683066880
2026-08-23 19:37:02;Carlos;14.9;10.9;2.6;85.3;81.2;13633273856;3153506304;342528000;2889293824;32.3;164602580992;345683066880
2026-08-23 19:37:04;Carlos;13.6;5.1;5.4;88.5;80.9;13579317248;3207462912;342528000;2889293824;32.3;164602580992;345683066880
2026-08-23 19:37:07;Carlos;11.5;6.1;6.9;86.1;80.9;13574443008;3212337152;342528000;2889293824;32.3;164602580992;345683066880
2026-08-23 19:37:10;Carlos;15.6;6.1;6.7;85.8;80.4;13493161984;3293618176;351494144;2880327680;32.3;164602646528;345683001344
2026-08-23 19:37:12;Carlos;10.1;7.1;5.8;85.3;80.4;13495750656;3291029504;351494144;2880327680;32.3;164602646528;345683001344
2026-08-23 19:37:15;Carlos;10.4;9.1;5.3;84.2;80.4;13500878848;3285901312;350965760;2880856064;32.3;164602527744;345683120128
2026-08-23 19:37:17;Carlos;12.3;4.9;5.4;87.7;80.3;13479264256;3307515904;350965760;2880856064;32.3;164602527744;345683120128
2026-08-23 19:37:20;Carlos;18.4;6.5;6.1;85.9;80.3;13487075328;3299704832;350633984;2881187840;32.3;164602527744;345683120128
2026-08-23 19:37:22;Carlos;14.2;7.0;6.4;84.8;80.6;13531521024;3255259136;350633984;2881187840;32.3;164602597376;345683050496
2026-08-23 19:37:25;Carlos;16.5;6.7;5.4;85.8;80.6;13535342592;3251437568;350633984;2881187840;32.3;164602540032;345683107840
2026-08-23 19:37:27;Carlos;11.6;6.1;5.8;86.2;80.6;13528956928;3257823232;350633984;2881187840;32.3;164602548224;345683099648
2026-08-23 19:37:30;Carlos;15.1;7.1;4.7;86.9;80.6;13533589504;3253190656;350633984;2881187840;32.3;164602556416;345683091456
2026-08-23 19:37:32;Carlos;11.0;5.7;5.5;86.8;80.6;13530161152;3256619008;350633984;2881187840;32.3;164602658816;345682989056
2026-08-23 19:37:35;Carlos;13.0;6.2;4.8;87.0;80.6;13536333824;3250446336;350633984;2881187840;32.3;164602658816;345682989056
2026-08-23 19:37:37;Carlos;15.6;7.0;4.4;87.4;80.6;13536116736;3250663424;350633984;2881187840;32.3;164602658816;345682989056
2026-08-23 19:37:40;Carlos;12.4;6.3;3.8;88.6;80.7;13541933056;3244847104;350633984;2881187840;32.3;164602658816;345682989056
2026-08-23 19:37:42;Carlos;13.0;7.6;4.7;86.0;80.6;13531885568;3254894592;350633984;2881187840;32.3;164602658816;345682989056
2026-08-23 19:37:45;Carlos;13.1;6.2;5.2;87.8;80.6;13533147136;3253633024;350633984;2881187840;32.3;164602658816;345682989056
2026-08-23 19:37:47;Carlos;11.5;6.4;4.6;87.8;80.6;13532254208;3254525952;350633984;2881187840;32.3;164602658816;345682989056
2026-08-23 19:37:50;Carlos;13.6;7.2;6.0;85.2;80.6;13536751616;3250028544;350633984;2881187840;32.3;164602724352;345682923520
2026-08-23 19:37:52;Carlos;12.3;5.9;6.5;86.3;80.3;13485715456;3301064704;350633984;2881187840;32.3;164602789888;345682857984
2026-08-23 19:37:55;Carlos;14.3;6.2;5.8;86.2;80.3;13485834240;3300945920;350633984;2881187840;32.3;164602789888;345682857984
2026-08-23 19:37:57;Carlos;11.1;4.9;6.0;87.6;80.3;13479387136;3307393024;350633984;2881187840;32.3;164602789888;345682857984
2026-08-23 19:38:00;Carlos;12.3;4.4;5.1;88.9;80.3;13472079872;3314700288;350633984;2881187840;32.3;164602789888;345682857984
2026-08-23 19:38:03;Carlos;13.2;6.3;4.5;87.5;80.3;13474865152;3311915008;350633984;2881187840;32.3;164602855424;345682792448
2026-08-23 19:38:05;Carlos;16.6;6.0;4.7;88.3;80.3;13475491840;3311288320;350633984;2881187840;32.3;164602855424;345682792448
2026-08-23 19:38:08;Carlos;10.6;6.0;5.0;87.1;80.3;13478420480;3308359680;350633984;2881187840;32.3;164602855424;345682792448
2026-08-23 19:38:10;Carlos;11.7;6.4;4.4;87.7;80.2;13470240768;3316539392;350633984;2881187840;32.3;164602855424;345682792448
2026-08-23 19:38:13;Carlos;12.9;4.8;5.1;88.5;80.3;13473144832;3313635328;350633984;2881187840;32.3;164602855424;345682792448
2026-08-23 19:38:15;Carlos;10.7;6.2;6.3;86.3;80.3;13473501184;3313278976;350633984;2881187840;32.3;164602855424;345682792448
2026-08-23 19:38:18;Carlos;9.7;7.4;5.6;85.1;80.3;13487566848;3299213312;350633984;2881187840;32.3;164602855424;345682792448
2026-08-23 19:38:20;Carlos;11.8;5.8;3.7;88.9;80.3;13485436928;3301343232;350633984;2881187840;32.3;164602855424;345682792448
2026-08-23 19:38:23;Carlos;9.8;5.8;3.9;88.5;80.3;13485690880;3301089280;350633984;2881187840;32.3;164602798080;345682849792
2026-08-23 19:38:26;Carlos;15.6;5.7;4.2;88.6;80.4;13495341056;3291439104;350633984;2881187840;32.3;164602871808;345682776064
2026-08-23 19:38:28;Carlos;10.9;6.6;5.8;86.1;80.3;13484814336;3301965824;350633984;2881187840;32.3;164602990592;345682657280
2026-08-23 19:38:31;Carlos;11.4;5.1;4.5;89.1;80.3;13479182336;3307597824;350633984;2881187840;32.3;164603056128;345682591744
2026-08-23 19:38:33;Carlos;12.5;8.8;5.9;83.7;80.3;13481857024;3304923136;350633984;2881187840;32.3;164603056128;345682591744
2026-08-23 19:38:36;Carlos;13.6;10.4;2.9;85.7;80.2;13457879040;3328901120;350633984;2881187840;32.3;164603056128;345682591744
2026-08-23 19:38:38;Carlos;11.8;4.9;4.6;88.9;80.2;13460885504;3325894656;350633984;2881187840;32.3;164603056128;345682591744
2026-08-23 19:38:41;Carlos;11.5;7.2;5.2;86.0;80.2;13468585984;3318194176;350633984;2881187840;32.3;164603121664;345682526208
2026-08-23 19:38:43;Carlos;22.6;13.9;10.5;72.9;80.8;13571665920;3215114240;350633984;2881187840;32.3;164603121664;345682526208
2026-08-23 19:38:46;Carlos;14.8;6.3;9.5;83.0;80.8;13563965440;3222814720;350633984;2881187840;32.3;164603154432;345682493440
2026-08-23 19:38:48;Carlos;12.1;5.2;3.6;89.9;80.7;13553315840;3233464320;350633984;2881187840;32.3;164603285504;345682362368
2026-08-23 19:38:51;Carlos;19.7;4.1;9.3;84.9;80.5;13509038080;3277742080;350633984;2881187840;32.3;164603351040;345682296832
2026-08-23 19:38:53;Carlos;10.4;3.1;1.8;94.5;80.5;13513117696;3273662464;350633984;2881187840;32.3;164603416576;345682231296
2026-08-23 19:38:56;Carlos;8.0;5.6;6.9;86.5;80.4;13503377408;3283402752;350633984;2881187840;32.3;164603416576;345682231296
2026-08-23 19:38:58;Carlos;9.5;4.6;4.5;89.5;80.4;13494525952;3292254208;350633984;2881187840;32.3;164603482112;345682165760
2026-08-23 19:39:01;Carlos;9.7;4.3;3.6;90.8;80.4;13496262656;3290517504;350633984;2881187840;32.3;164603547648;345682100224
2026-08-23 19:39:03;Carlos;20.5;20.3;13.1;64.1;81.8;13738835968;3047944192;350633984;2881187840;32.3;164604014592;345681633280
2026-08-23 19:39:06;Carlos;7.5;3.9;4.2;91.2;81.9;13755006976;3031773184;350633984;2881187840;32.3;164604616704;345681031168
2026-08-23 19:39:08;Carlos;12.0;4.2;2.9;91.6;82.0;13760368640;3026411520;350633984;2881187840;32.3;164604637184;345681010688
2026-08-23 19:39:11;Carlos;14.9;6.7;4.0;88.3;81.8;13731319808;3055460352;350633984;2881187840;32.3;164604665856;345680982016
2026-08-23 19:39:13;Carlos;9.1;3.4;4.9;90.3;81.8;13739732992;3047047168;350633984;2881187840;32.3;164604416000;345681231872
2026-08-23 19:39:16;Carlos;12.7;4.8;7.5;86.0;81.7;13722095616;3064684544;350633984;2881187840;32.3;164604428288;345681219584
2026-08-23 19:39:18;Carlos;13.4;5.8;5.0;87.3;81.6;13699612672;3087167488;350633984;2881187840;32.3;164604403712;345681244160
2026-08-23 19:39:21;Carlos;16.1;4.5;5.5;88.1;81.5;13686796288;3099983872;350633984;2881187840;32.3;164604416000;345681231872
2026-08-23 19:39:23;Carlos;14.0;3.5;4.9;90.5;81.4;13663195136;3123585024;350633984;2881187840;32.3;164604489728;345681158144
2026-08-23 19:39:26;Carlos;14.1;3.6;3.4;92.1;81.5;13674385408;3112394752;350633984;2881187840;32.3;164604596224;345681051648
2026-08-23 19:39:28;Carlos;13.6;7.4;6.8;84.2;81.7;13707329536;3079450624;350633984;2881187840;32.3;164604653568;345680994304
2026-08-23 19:39:31;Carlos;18.1;5.1;6.5;85.5;81.5;13687545856;3099234304;349454336;2882367488;32.3;164604653568;345680994304
2026-08-23 19:39:33;Carlos;9.4;3.6;2.8;92.3;81.5;13673771008;3113009152;349454336;2882367488;32.3;164604653568;345680994304
2026-08-23 19:39:36;Carlos;8.8;8.1;9.9;80.8;81.5;13677318144;3109462016;349454336;2882367488;32.3;164604796928;345680850944
2026-08-23 19:39:38;Carlos;37.8;14.7;9.7;73.6;82.3;13816516608;2970263552;348667904;2883153920;32.3;164606558208;345679089664
2026-08-23 19:39:41;Carlos;12.5;4.6;5.3;88.3;82.5;13849518080;2937262080;348012544;2883809280;32.3;164607467520;345678180352
2026-08-23 19:39:43;Carlos;13.3;12.3;8.8;75.8;82.6;13869985792;2916794368;348012544;2883809280;32.3;164590587904;345695059968
2026-08-23 19:39:46;Carlos;16.8;3.9;5.3;89.0;82.8;13903327232;2883452928;348012544;2883809280;32.3;164594114560;345691533312
2026-08-23 19:39:48;Carlos;7.6;5.4;5.0;88.2;82.7;13882277888;2904502272;348012544;2883809280;32.3;164595167232;345690480640
2026-08-23 19:39:51;Carlos;15.3;5.1;5.3;88.8;82.7;13881307136;2905473024;348012544;2883809280;32.3;164595892224;345689755648
2026-08-23 19:39:53;Carlos;16.3;5.5;3.6;89.3;82.7;13890375680;2896404480;348012544;2883809280;32.3;164595957760;345689690112
2026-08-23 19:39:56;Carlos;11.0;4.2;3.7;90.9;82.6;13872975872;2913804288;348012544;2883809280;32.3;164595957760;345689690112
2026-08-23 19:39:58;Carlos;9.3;7.4;6.4;84.6;82.9;13908635648;2878144512;348012544;2883809280;32.3;164596514816;345689133056
2026-08-23 19:40:01;Carlos;17.2;5.2;6.8;86.3;83.1;13942976512;2843803648;348012544;2883809280;32.3;164596350976;345689296896
2026-08-23 19:40:03;Carlos;8.7;3.9;5.1;89.2;83.1;13948788736;2837991424;348012544;2883809280;32.3;164596678656;345688969216
2026-08-23 19:40:06;Carlos;24.9;10.3;10.3;76.8;83.9;14088241152;2698539008;348012544;2883809280;32.3;164598288384;345687359488
2026-08-23 19:40:08;Carlos;12.7;10.4;5.0;83.2;83.9;14076207104;2710573056;348012544;2883809280;32.3;164598235136;345687412736
2026-08-23 19:40:11;Carlos;9.1;4.3;4.8;89.2;83.8;14064852992;2721927168;348012544;2883809280;32.3;164598386688;345687261184
2026-08-23 19:40:13;Carlos;11.6;5.6;6.6;85.7;83.7;14054039552;2732740608;348012544;2883809280;32.3;164598386688;345687261184
2026-08-23 19:40:16;Carlos;11.1;6.0;10.3;81.9;83.8;14069895168;2716884992;348012544;2883809280;32.3;164598235136;345687412736
2026-08-23 19:40:18;Carlos;18.2;7.0;5.6;85.4;83.0;13926252544;2860527616;348012544;2883809280;32.3;164598239232;345687408640
2026-08-23 19:40:21;Carlos;15.1;3.6;3.9;91.5;82.9;13907890176;2878889984;348012544;2883809280;32.3;164598304768;345687343104
2026-08-23 19:40:23;Carlos;14.7;5.9;10.8;81.0;82.7;13889613824;2897166336;348012544;2883809280;32.3;164598312960;345687334912
2026-08-23 19:40:26;Carlos;12.0;3.8;5.4;89.5;82.8;13899366400;2887413760;348012544;2883809280;32.3;164598321152;345687326720
2026-08-23 19:40:28;Carlos;10.6;8.1;6.8;82.9;82.8;13896986624;2889793536;348012544;2883809280;32.3;164598329344;345687318528
2026-08-23 19:40:31;Carlos;11.2;2.9;3.0;93.6;82.8;13898670080;2888110080;348012544;2883809280;32.3;164598276096;345687371776
2026-08-23 19:40:33;Carlos;17.1;7.8;4.1;86.2;82.8;13898240000;2888540160;347881472;2883940352;32.3;164596568064;345689079808
2026-08-23 19:40:36;Carlos;12.5;8.1;5.7;84.6;82.8;13900828672;2885951488;347881472;2883940352;32.3;164596723712;345688924160
2026-08-23 19:40:38;Carlos;20.7;4.6;4.2;89.2;82.9;13919817728;2866962432;347881472;2883940352;32.3;164596846592;345688801280
2026-08-23 19:40:41;Carlos;13.6;4.2;5.9;87.9;82.9;13912735744;2874044416;347881472;2883940352;32.3;164597039104;345688608768
2026-08-23 19:40:43;Carlos;16.7;13.5;5.8;78.6;82.6;13860532224;2926247936;347881472;2883940352;32.3;164596842496;345688805376
2026-08-23 19:40:46;Carlos;20.8;4.5;4.1;89.8;82.6;13860110336;2926669824;347881472;2883940352;32.3;164597170176;345688477696
2026-08-23 19:40:48;Carlos;12.3;6.9;5.1;86.9;82.6;13868417024;2918363136;347881472;2883940352;32.3;164597170176;345688477696
2026-08-23 19:40:51;Carlos;19.3;7.4;5.0;86.0;82.9;13924143104;2862637056;347881472;2883940352;32.3;164597198848;345688449024
2026-08-23 19:40:53;Carlos;14.0;21.0;4.4;73.4;82.9;13920849920;2865930240;347881472;2883940352;32.3;164597493760;345688154112
2026-08-23 19:40:56;Carlos;14.8;3.8;7.2;88.1;83.0;13927866368;2858913792;347881472;2883940352;32.3;164597366784;345688281088
2026-08-23 19:40:58;Carlos;11.1;16.4;7.9;73.8;83.5;14011129856;2775650304;347881472;2883940352;32.3;164597563392;345688084480
2026-08-23 19:41:01;Carlos;13.3;6.3;5.2;87.2;83.8;14075686912;2711093248;347881472;2883940352;32.3;164598153216;345687494656
2026-08-23 19:41:03;Carlos;17.8;5.3;5.6;87.9;84.0;14104231936;2682548224;347881472;2883940352;32.3;164598444032;345687203840
2026-08-23 19:41:06;Carlos;11.5;5.1;4.9;88.5;83.4;14001770496;2785009664;347881472;2883940352;32.3;164599341056;345686306816
2026-08-23 19:41:08;Carlos;17.4;7.7;4.0;86.5;83.3;13981863936;2804916224;347881472;2883940352;32.3;164600225792;345685422080
2026-08-23 19:41:11;Carlos;13.8;6.4;4.2;88.0;83.1;13951696896;2835083264;340586496;2891235328;31.6;161395630080;348890017792
2026-08-23 19:41:13;Carlos;10.9;4.5;3.5;90.7;83.2;13963993088;2822787072;340586496;2891235328;31.6;161396318208;348889329664
2026-08-23 19:41:16;Carlos;20.7;13.9;11.2;72.7;84.0;14099570688;2687209472;340586496;2891235328;31.6;161397739520;348887908352
2026-08-23 19:41:18;Carlos;13.6;5.6;6.3;87.0;84.2;14139232256;2647547904;340586496;2891235328;31.6;161398165504;348887482368
2026-08-23 19:41:21;Carlos;11.8;4.5;6.8;87.3;84.3;14144499712;2642280448;340586496;2891235328;31.6;161398255616;348887392256
2026-08-23 19:41:23;Carlos;14.2;3.6;4.1;90.8;84.3;14154481664;2632298496;340586496;2891235328;31.6;161398255616;348887392256
2026-08-23 19:41:26;Carlos;9.3;12.7;7.1;79.0;84.5;14179991552;2606788608;340586496;2891235328;31.6;161398243328;348887404544
2026-08-23 19:41:28;Carlos;17.2;7.1;3.0;88.8;84.8;14237696000;2549084160;340586496;2891235328;31.6;161398439936;348887207936
2026-08-23 19:41:31;Carlos;9.4;4.8;4.6;88.8;84.8;14232608768;2554171392;340586496;2891235328;31.6;161398325248;348887322624
2026-08-23 19:41:33;Carlos;15.8;6.0;5.1;87.3;84.8;14236598272;2550181888;340586496;2891235328;31.6;161389117440;348896530432
2026-08-23 19:41:36;Carlos;9.9;4.2;6.4;88.1;84.3;14155108352;2631671808;340586496;2891235328;31.6;161388994560;348896653312
2026-08-23 19:41:38;Carlos;8.8;4.3;4.8;89.5;84.3;14152163328;2634616832;340586496;2891235328;31.6;161389117440;348896530432
2026-08-23 19:41:41;Carlos;9.8;5.7;6.5;85.9;84.3;14153277440;2633502720;340586496;2891235328;31.6;161389117440;348896530432
2026-08-23 19:41:43;Carlos;10.4;7.2;5.6;85.4;84.2;14137344000;2649436160;340586496;2891235328;31.6;161389117440;348896530432
2026-08-23 19:41:46;Carlos;13.8;4.5;3.9;90.2;84.2;14141145088;2645635072;340586496;2891235328;31.6;161389117440;348896530432
2026-08-23 19:41:48;Carlos;15.0;7.6;10.1;80.0;84.3;14142971904;2643808256;340586496;2891235328;31.6;161389129728;348896518144
2026-08-23 19:41:51;Carlos;15.9;5.4;4.2;88.9;84.3;14151770112;2635010048;340586496;2891235328;31.6;161389264896;348896382976
2026-08-23 19:41:53;Carlos;9.6;5.6;5.5;87.2;84.3;14146170880;2640609280;340586496;2891235328;31.6;161389207552;348896440320
2026-08-23 19:41:56;Carlos;13.0;9.0;4.4;85.2;84.4;14159859712;2626920448;340586496;2891235328;31.6;161389232128;348896415744
2026-08-23 19:41:58;Carlos;17.0;17.0;11.5;69.5;84.7;14221922304;2564857856;340586496;2891235328;31.6;161389735936;348895911936
2026-08-23 19:42:01;Carlos;19.1;4.7;2.9;91.3;84.8;14233223168;2553556992;340586496;2891235328;31.6;161390039040;348895608832
2026-08-23 19:42:03;Carlos;10.8;3.5;6.1;89.3;84.7;14225227776;2561552384;340586496;2891235328;31.6;161390108672;348895539200
2026-08-23 19:42:06;Carlos;9.6;7.2;5.6;85.5;84.7;14221283328;2565496832;340586496;2891235328;31.6;161390112768;348895535104
2026-08-23 19:42:08;Carlos;9.2;8.4;4.7;85.1;84.5;14184865792;2601914368;340586496;2891235328;31.6;161390116864;348895531008
2026-08-23 19:42:11;Carlos;17.2;6.1;14.7;77.7;83.6;14030045184;2756734976;342822912;2888998912;31.6;161390202880;348895444992
2026-08-23 19:42:13;Carlos;9.1;6.7;4.6;87.7;83.6;14038896640;2747883520;342822912;2888998912;31.6;161390321664;348895326208
2026-08-23 19:42:16;Carlos;19.5;5.9;9.1;83.6;83.7;14049644544;2737135616;342822912;2888998912;31.6;161391345664;348894302208
2026-08-23 19:42:18;Carlos;12.2;5.2;5.8;87.2;83.5;14017196032;2769584128;342822912;2888998912;31.6;161391472640;348894175232
2026-08-23 19:42:21;Carlos;12.2;4.0;4.6;90.5;83.5;14015815680;2770964480;342822912;2888998912;31.6;161391448064;348894199808
2026-08-23 19:42:23;Carlos;10.6;12.7;7.7;77.8;83.7;14048325632;2738454528;342822912;2888998912;31.6;161392390144;348893257728
2026-08-23 19:42:26;Carlos;14.8;6.0;3.0;90.2;83.6;14039502848;2747277312;342822912;2888998912;31.6;161392287744;348893360128
2026-08-23 19:42:28;Carlos;11.1;4.9;4.3;89.7;83.7;14044225536;2742554624;342822912;2888998912;31.6;161392287744;348893360128
2026-08-23 19:42:31;Carlos;11.3;4.6;5.7;87.8;83.6;14037237760;2749542400;342822912;2888998912;31.6;161392287744;348893360128
2026-08-23 19:42:33;Carlos;12.6;8.8;4.9;84.8;83.5;14013050880;2773729280;342822912;2888998912;31.6;161392091136;348893556736
2026-08-23 19:42:36;Carlos;11.4;7.1;8.3;83.0;83.5;14014181376;2772598784;342822912;2888998912;31.6;161392091136;348893556736
2026-08-23 19:42:39;Carlos;10.2;5.0;4.2;89.3;83.5;14015414272;2771365888;342822912;2888998912;31.6;161392091136;348893556736
2026-08-23 19:42:41;Carlos;12.5;3.9;4.4;90.8;83.6;14026395648;2760384512;342822912;2888998912;31.6;161392091136;348893556736
2026-08-23 19:42:44;Carlos;10.1;4.1;3.3;91.4;83.4;13992353792;2794426368;342822912;2888998912;31.6;161392091136;348893556736
2026-08-23 19:42:46;Carlos;32.2;3.5;2.9;92.9;83.6;14039203840;2747576320;342822912;2888998912;31.6;161391644672;348894003200
2026-08-23 19:42:49;Carlos;22.9;5.8;7.3;85.5;83.6;14036975616;2749804544;342822912;2888998912;31.6;161391808512;348893839360
2026-08-23 19:42:51;Carlos;10.5;4.2;4.6;89.7;83.6;14038065152;2748715008;342822912;2888998912;31.6;161391710208;348893937664
2026-08-23 19:42:54;Carlos;28.7;11.6;6.6;79.9;84.1;14110359552;2676420608;342822912;2888998912;31.6;161392562176;348893085696
2026-08-23 19:42:56;Carlos;10.3;4.4;8.0;86.5;84.1;14109814784;2676965376;342822912;2888998912;31.6;161392349184;348893298688
2026-08-23 19:42:59;Carlos;13.2;18.6;8.0;72.0;83.9;14091890688;2694889472;342822912;2888998912;31.6;161392664576;348892983296
2026-08-23 19:43:01;Carlos;17.1;4.5;5.7;88.3;84.0;14105669632;2681110528;342822912;2888998912;31.6;161393913856;348891734016
2026-08-23 19:43:04;Carlos;11.7;4.7;5.2;88.1;84.0;14102491136;2684289024;342822912;2888998912;31.6;161393922048;348891725824
2026-08-23 19:43:06;Carlos;19.1;22.4;11.4;64.0;84.6;14208155648;2578624512;342822912;2888998912;31.6;161395011584;348890636288
2026-08-23 19:43:09;Carlos;19.7;3.4;4.7;90.4;84.5;14192345088;2594435072;342822912;2888998912;31.6;161394593792;348891054080
2026-08-23 19:43:11;Carlos;13.4;5.5;5.5;87.8;84.3;14156709888;2630070272;342822912;2888998912;31.6;161394741248;348890906624
2026-08-23 19:43:14;Carlos;10.7;4.7;4.5;89.6;84.4;14163324928;2623455232;342822912;2888998912;31.6;161394741248;348890906624
2026-08-23 19:43:16;Carlos;11.3;7.9;7.9;83.0;83.9;14082424832;2704355328;342822912;2888998912;31.6;161394741248;348890906624
2026-08-23 19:43:19;Carlos;11.8;5.5;6.5;86.7;83.7;14044835840;2741944320;342822912;2888998912;31.6;161394741248;348890906624
2026-08-23 19:43:21;Carlos;14.3;4.6;4.5;89.8;83.7;14057975808;2728804352;342822912;2888998912;31.6;161394675712;348890972160
2026-08-23 19:43:24;Carlos;13.4;4.1;8.3;86.9;83.8;14064242688;2722537472;342822912;2888998912;31.6;161394675712;348890972160
2026-08-23 19:43:26;Carlos;10.7;7.2;6.3;84.4;83.9;14084939776;2701840384;342822912;2888998912;31.6;161394675712;348890972160
2026-08-23 19:43:29;Carlos;10.6;4.3;3.0;91.5;83.9;14085115904;2701664256;342822912;2888998912;31.6;161394675712;348890972160
2026-08-23 19:43:31;Carlos;15.7;7.3;4.0;87.4;83.9;14079127552;2707652608;342822912;2888998912;31.6;161394675712;348890972160
2026-08-23 19:43:34;Carlos;14.7;4.2;3.5;91.1;83.9;14090874880;2695905280;342822912;2888998912;31.6;161394745344;348890902528
2026-08-23 19:43:36;Carlos;10.4;7.0;6.8;84.9;83.9;14077706240;2709073920;342822912;2888998912;31.6;161394749440;348890898432
2026-08-23 19:43:39;Carlos;9.0;5.5;4.8;88.8;83.9;14081286144;2705494016;342822912;2888998912;31.6;161394872320;348890775552
2026-08-23 19:43:41;Carlos;13.4;5.3;5.4;88.4;83.6;14035107840;2751672320;342822912;2888998912;31.6;161394872320;348890775552
2026-08-23 19:43:44;Carlos;11.5;5.7;3.3;89.5;83.6;14033768448;2753011712;342822912;2888998912;31.6;161394872320;348890775552
2026-08-23 19:43:46;Carlos;9.4;5.2;8.0;85.6;83.5;14015614976;2771165184;342822912;2888998912;31.6;161394872320;348890775552
2026-08-23 19:43:49;Carlos;18.7;6.3;8.0;83.7;83.7;14045908992;2740871168;342822912;2888998912;31.6;161394876416;348890771456
2026-08-23 19:43:51;Carlos;11.8;4.8;4.2;90.4;83.7;14046642176;2740137984;342822912;2888998912;31.6;161394876416;348890771456
2026-08-23 19:43:54;Carlos;12.5;4.2;3.0;91.6;83.6;14038147072;2748633088;342822912;2888998912;31.6;161394880512;348890767360
2026-08-23 19:43:56;Carlos;9.2;6.9;6.5;85.1;83.6;14035759104;2751021056;342822912;2888998912;31.6;161394888704;348890759168
2026-08-23 19:43:59;Carlos;10.6;8.5;5.6;85.0;83.6;14042025984;2744754176;342822912;2888998912;31.6;161394896896;348890750976
2026-08-23 19:44:01;Carlos;9.9;13.2;5.3;80.0;83.8;14073901056;2712879104;342822912;2888998912;31.6;161394905088;348890742784
2026-08-23 19:44:04;Carlos;12.0;8.0;4.2;86.8;84.0;14105837568;2680942592;342822912;2888998912;31.6;161394913280;348890734592
2026-08-23 19:44:06;Carlos;11.3;3.5;3.2;92.3;84.0;14107750400;2679029760;342822912;2888998912;31.6;161395007488;348890640384
2026-08-23 19:44:09;Carlos;8.4;4.6;3.4;90.9;84.0;14102913024;2683867136;342822912;2888998912;31.6;161395007488;348890640384
2026-08-23 19:44:11;Carlos;10.4;6.5;7.4;84.8;83.9;14089506816;2697273344;342822912;2888998912;31.6;161395007488;348890640384
2026-08-23 19:44:14;Carlos;10.5;4.5;3.5;90.8;84.1;14123913216;2662866944;342822912;2888998912;31.6;161395007488;348890640384
2026-08-23 19:44:16;Carlos;19.1;4.4;7.2;87.1;84.2;14128660480;2658119680;342822912;2888998912;31.6;161395007488;348890640384
2026-08-23 19:44:19;Carlos;12.0;5.8;5.5;86.7;84.3;14144053248;2642726912;342822912;2888998912;31.6;161395007488;348890640384
2026-08-23 19:44:21;Carlos;8.0;4.1;4.8;89.9;84.2;14137204736;2649575424;342822912;2888998912;31.6;161395007488;348890640384
2026-08-23 19:44:24;Carlos;9.4;6.7;6.5;85.6;84.1;14122037248;2664742912;342822912;2888998912;31.6;161395007488;348890640384
2026-08-23 19:44:26;Carlos;13.2;4.5;3.5;90.8;84.0;14097219584;2689560576;342822912;2888998912;31.6;161395007488;348890640384
2026-08-23 19:44:29;Carlos;12.0;4.0;4.8;89.7;84.0;14102855680;2683924480;342822912;2888998912;31.6;161395007488;348890640384
2026-08-23 19:44:31;Carlos;14.4;5.2;4.2;89.2;83.9;14078353408;2708426752;342822912;2888998912;31.6;161395073024;348890574848
2026-08-23 19:44:34;Carlos;15.7;3.9;2.8;92.5;84.0;14097936384;2688843776;342822912;2888998912;31.6;161394937856;348890710016
2026-08-23 19:44:36;Carlos;10.9;4.4;2.9;91.9;83.9;14078738432;2708041728;342822912;2888998912;31.6;161394937856;348890710016
2026-08-23 19:44:39;Carlos;10.3;3.0;3.2;92.7;83.7;14056714240;2730065920;342822912;2888998912;31.6;161394937856;348890710016
2026-08-23 19:44:41;Carlos;10.9;4.9;4.1;90.1;83.7;14042144768;2744635392;342822912;2888998912;31.6;161394872320;348890775552
2026-08-23 19:44:44;Carlos;15.0;11.5;8.8;78.3;85.0;14262263808;2524516352;342822912;2888998912;31.6;161394937856;348890710016
2026-08-23 19:44:46;Carlos;28.0;10.1;8.4;80.0;86.0;14433116160;2353664000;342822912;3969892352;31.8;162476204032;347809443840
2026-08-23 19:44:49;Carlos;13.2;9.2;8.2;80.8;86.0;14432309248;2354470912;342822912;3969892352;31.8;162476208128;347809439744
2026-08-23 19:44:51;Carlos;45.1;4.2;4.5;90.4;86.1;14457143296;2329636864;342822912;3969892352;31.8;162476470272;347809177600
2026-08-23 19:44:54;Carlos;10.5;3.6;2.9;92.5;85.8;14394683392;2392096768;342822912;3969892352;31.8;162476474368;347809173504
2026-08-23 19:44:56;Carlos;14.2;6.9;7.1;84.7;85.2;14299369472;2487410688;342822912;3969892352;31.8;162476650496;347808997376
2026-08-23 19:44:59;Carlos;10.1;5.2;3.5;89.7;84.9;14244929536;2541850624;342822912;3969892352;31.8;162476773376;347808874496
2026-08-23 19:45:01;Carlos;10.3;7.6;4.3;86.8;84.9;14244130816;2542649344;342822912;3969892352;31.8;162476871680;347808776192
2026-08-23 19:45:04;Carlos;6.4;3.1;4.2;91.7;84.8;14234513408;2552266752;342822912;3969892352;31.8;162476871680;347808776192
2026-08-23 19:45:06;Carlos;9.7;3.3;2.9;92.6;84.9;14246232064;2540548096;342822912;3969892352;31.8;162476740608;347808907264
2026-08-23 19:45:09;Carlos;16.1;8.6;4.4;84.9;84.9;14253682688;2533097472;342822912;3969892352;31.8;162476814336;347808833536
2026-08-23 19:45:11;Carlos;40.1;50.6;9.8;38.2;85.7;14378102784;2408677376;342822912;3969892352;31.8;162477096960;347808550912
2026-08-23 19:45:14;Carlos;14.8;9.7;6.3;82.1;85.7;14383099904;2403680256;342822912;3969892352;31.8;162477031424;347808616448
2026-08-23 19:45:16;Carlos;28.7;6.8;7.1;85.0;85.5;14346129408;2440650752;342822912;3969892352;31.8;162477035520;347808612352
2026-08-23 19:45:19;Carlos;14.9;5.1;3.6;89.8;85.1;14281289728;2505490432;342822912;3969892352;31.8;162477035520;347808612352
2026-08-23 19:45:21;Carlos;9.3;6.9;7.1;84.2;84.9;14256988160;2529792000;342822912;3969892352;31.8;162477035520;347808612352
2026-08-23 19:45:24;Carlos;10.0;3.3;3.3;91.9;84.8;14239113216;2547666944;342822912;3969892352;31.8;162477035520;347808612352
2026-08-23 19:45:26;Carlos;14.9;11.0;7.7;79.4;84.3;14143299584;2643480576;342822912;3969892352;31.8;162477166592;347808481280
2026-08-23 19:45:29;Carlos;9.3;5.5;3.9;88.9;84.2;14135386112;2651394048;342822912;3969892352;31.8;162477166592;347808481280
2026-08-23 19:45:31;Carlos;17.2;3.2;4.5;90.8;84.1;14117892096;2668888064;342822912;3969892352;31.8;162477166592;347808481280
2026-08-23 19:45:34;Carlos;8.3;9.0;4.8;85.2;84.1;14113210368;2673569792;342822912;3969892352;31.8;162477170688;347808477184
2026-08-23 19:45:36;Carlos;14.1;12.8;13.7;71.2;84.0;14106021888;2680758272;342822912;3969892352;31.8;162477178880;347808468992
2026-08-23 19:45:39;Carlos;7.7;10.4;4.6;83.0;84.1;14109609984;2677170176;342822912;3969892352;31.8;162477187072;347808460800
2026-08-23 19:45:41;Carlos;10.1;3.1;3.5;91.9;83.8;14061903872;2724876288;342822912;3969892352;31.8;162477187072;347808460800
2026-08-23 19:45:44;Carlos;14.9;4.5;4.4;89.6;84.1;14119391232;2667388928;342822912;3969892352;31.8;162477203456;347808444416
2026-08-23 19:45:46;Carlos;17.5;11.0;8.1;79.5;84.4;14167293952;2619486208;342822912;3969892352;31.8;162477211648;347808436224
2026-08-23 19:45:49;Carlos;12.6;5.0;3.5;90.2;84.4;14168965120;2617815040;342822912;3969892352;31.8;162477219840;347808428032
2026-08-23 19:45:51;Carlos;12.5;4.9;3.6;90.8;84.4;14169460736;2617319424;342822912;3969892352;31.8;162477297664;347808350208
2026-08-23 19:45:54;Carlos;15.1;16.4;8.6;74.1;85.3;14320914432;2465865728;342822912;3969892352;31.8;162477592576;347808055296
2026-08-23 19:45:56;Carlos;15.6;4.9;7.5;85.6;85.0;14262353920;2524426240;342822912;3969892352;31.8;162477592576;347808055296
2026-08-23 19:45:59;Carlos;15.2;6.4;4.8;87.6;85.0;14262099968;2524680192;342822912;3969892352;31.8;162477592576;347808055296
2026-08-23 19:46:01;Carlos;10.4;6.6;4.8;86.8;85.1;14291079168;2495700992;342822912;3969892352;31.8;162477592576;347808055296
2026-08-23 19:46:04;Carlos;18.5;4.8;4.6;89.7;84.8;14230122496;2556657664;342822912;3969892352;31.8;162477461504;347808186368
2026-08-23 19:46:06;Carlos;12.9;4.4;4.2;90.1;84.8;14240559104;2546221056;342822912;3969892352;31.8;162477461504;347808186368
2026-08-23 19:46:09;Carlos;14.0;4.7;4.2;90.0;84.8;14235963392;2550816768;342822912;3969892352;31.8;162477465600;347808182272
2026-08-23 19:46:11;Carlos;11.9;11.7;5.8;81.2;84.7;14213672960;2573107200;342822912;3969892352;31.8;162477535232;347808112640
2026-08-23 19:46:14;Carlos;9.8;5.0;3.5;90.1;84.6;14200655872;2586124288;342822912;3969892352;31.8;162477473792;347808174080
2026-08-23 19:46:16;Carlos;10.2;5.7;8.9;84.4;84.5;14187995136;2598785024;342822912;3969892352;31.8;162477600768;347808047104
2026-08-23 19:46:19;Carlos;9.1;6.9;4.3;87.2;84.3;14149234688;2637545472;342822912;3969892352;31.8;162477666304;347807981568
2026-08-23 19:46:22;Carlos;26.1;15.6;6.8;76.1;84.9;14248783872;2537996288;342822912;3969892352;31.8;162477666304;347807981568
2026-08-23 19:46:24;Carlos;11.8;9.2;3.7;85.7;86.0;14437814272;2348965888;342822912;3969892352;31.8;162477666304;347807981568
2026-08-23 19:46:27;Carlos;15.1;6.6;4.8;87.1;85.9;14418632704;2368147456;342822912;3969892352;31.8;162477666304;347807981568
2026-08-23 19:46:29;Carlos;12.5;6.3;5.0;87.5;85.7;14390906880;2395873280;342822912;3969892352;31.8;162476552192;347809095680
2026-08-23 19:46:32;Carlos;12.3;4.5;7.4;87.1;85.2;14303395840;2483384320;342822912;3969892352;31.8;162476556288;347809091584
2026-08-23 19:46:34;Carlos;15.5;6.3;4.9;87.7;85.1;14281039872;2505740288;342822912;3969892352;31.8;162476556288;347809091584
2026-08-23 19:46:37;Carlos;13.9;6.5;5.3;86.8;85.0;14271954944;2514825216;342822912;3969892352;31.8;162476556288;347809091584
2026-08-23 19:46:39;Carlos;14.4;6.7;3.4;88.4;85.0;14266163200;2520616960;342822912;3969892352;31.8;162476556288;347809091584
2026-08-23 19:46:42;Carlos;13.0;6.7;3.5;88.6;85.0;14263500800;2523279360;342822912;3969892352;31.8;162476556288;347809091584
2026-08-23 19:46:44;Carlos;12.9;10.9;6.4;81.4;84.8;14237962240;2548817920;342822912;3969892352;31.8;162476556288;347809091584
2026-08-23 19:46:47;Carlos;14.2;6.2;5.3;87.7;84.8;14241517568;2545262592;342822912;3969892352;31.8;162476490752;347809157120
2026-08-23 19:46:49;Carlos;14.7;6.0;6.4;86.5;85.0;14260604928;2526175232;342822912;3969892352;31.8;162476494848;347809153024
2026-08-23 19:46:52;Carlos;13.4;6.0;3.8;89.0;84.9;14256062464;2530717696;342822912;3969892352;31.8;162476494848;347809153024
2026-08-23 19:46:54;Carlos;17.6;5.9;3.6;88.7;85.2;14309879808;2476900352;342822912;3969892352;31.8;162476560384;347809087488
2026-08-23 19:46:57;Carlos;12.5;6.5;8.1;83.5;85.2;14299746304;2487033856;342822912;3969892352;31.8;162476560384;347809087488
2026-08-23 19:46:59;Carlos;13.1;5.8;4.6;88.9;85.2;14294003712;2492776448;342822912;3969892352;31.8;162476625920;347809021952
2026-08-23 19:47:02;Carlos;12.4;5.8;4.9;88.0;84.7;14219165696;2567614464;342822912;3969892352;31.8;162476625920;347809021952
2026-08-23 19:47:04;Carlos;13.7;5.8;4.1;88.7;84.7;14220648448;2566131712;342822912;3969892352;31.8;162476630016;347809017856
2026-08-23 19:47:07;Carlos;11.6;6.8;4.5;86.5;84.7;14222569472;2564210688;342822912;3969892352;31.8;162476638208;347809009664
2026-08-23 19:47:09;Carlos;13.0;7.0;5.9;85.3;84.7;14223810560;2562969600;342822912;3969892352;31.8;162476646400;347809001472
2026-08-23 19:47:12;Carlos;16.5;8.0;8.8;81.7;84.3;14146961408;2639818752;342822912;3969892352;31.8;162476654592;347808993280
2026-08-23 19:47:14;Carlos;15.3;5.7;9.1;83.3;83.9;14091169792;2695610368;342519808;3970195456;31.8;162476756992;347808890880
2026-08-23 19:47:17;Carlos;20.4;5.9;4.9;88.4;83.9;14077231104;2709549056;342519808;3970195456;31.8;162476761088;347808886784
2026-08-23 19:47:19;Carlos;12.8;7.2;4.1;87.5;83.9;14075965440;2710814720;342519808;3970195456;31.8;162476765184;347808882688
2026-08-23 19:47:22;Carlos;14.5;5.7;9.5;84.3;83.6;14039019520;2747760640;342519808;3970195456;31.8;162476765184;347808882688
2026-08-23 19:47:25;Carlos;13.0;6.8;6.0;85.6;83.7;14044311552;2742468608;342519808;3970195456;31.8;162476703744;347808944128
2026-08-23 19:47:27;Carlos;13.3;5.6;4.6;89.0;83.6;14039891968;2746888192;342519808;3970195456;31.8;162477232128;347808415744
2026-08-23 19:47:30;Carlos;12.5;7.7;6.6;84.8;83.7;14049673216;2737106944;342519808;3970195456;31.8;162477236224;347808411648
2026-08-23 19:47:32;Carlos;12.1;7.2;6.4;84.6;83.6;14032896000;2753884160;342519808;3970195456;31.8;162477236224;347808411648
2026-08-23 19:47:35;Carlos;12.1;6.6;4.2;88.3;83.6;14030790656;2755989504;342519808;3970195456;31.8;162477240320;347808407552
2026-08-23 19:47:37;Carlos;18.8;7.1;8.5;83.1;83.4;13999562752;2787217408;342519808;3970195456;31.8;162477309952;347808337920
2026-08-23 19:47:40;Carlos;17.5;9.2;5.1;84.8;84.7;14217842688;2568937472;342519808;3970195456;31.8;162477961216;347807686656
2026-08-23 19:47:42;Carlos;13.5;7.6;5.7;85.7;84.8;14236987392;2549792768;342519808;3970195456;31.8;162477961216;347807686656
2026-08-23 19:47:45;Carlos;15.3;7.3;6.5;85.2;84.7;14212526080;2574254080;342519808;3970195456;31.8;162478227456;347807420416
2026-08-23 19:47:47;Carlos;13.5;5.9;9.7;82.7;84.8;14229762048;2557018112;342519808;3970195456;31.8;162478227456;347807420416
2026-08-23 19:47:50;Carlos;13.5;8.9;4.8;85.1;84.9;14258409472;2528370688;342519808;3970195456;31.8;162478260224;347807387648
2026-08-23 19:47:52;Carlos;11.6;6.6;4.3;88.7;85.0;14260666368;2526113792;342519808;3970195456;31.8;162478264320;347807383552
2026-08-23 19:47:55;Carlos;9.5;5.5;5.6;87.8;84.9;14255333376;2531446784;342519808;3970195456;31.8;162478264320;347807383552
2026-08-23 19:47:57;Carlos;10.6;6.1;3.8;89.2;84.7;14218608640;2568171520;342519808;3970195456;31.8;162478264320;347807383552
2026-08-23 19:48:00;Carlos;15.4;6.4;3.8;89.5;84.6;14193750016;2593030144;342519808;3970195456;31.8;162478264320;347807383552
2026-08-23 19:48:02;Carlos;15.6;6.3;4.3;88.5;84.5;14182146048;2604634112;342519808;3970195456;31.8;162478264320;347807383552
2026-08-23 19:48:05;Carlos;11.4;13.9;8.0;76.3;84.8;14226804736;2559975424;342519808;3970195456;31.8;162478268416;347807379456
2026-08-23 19:48:07;Carlos;13.3;6.5;5.6;86.3;84.8;14234296320;2552483840;342519808;3970195456;31.8;162478211072;347807436800
2026-08-23 19:48:10;Carlos;13.0;7.5;5.1;86.9;84.8;14233919488;2552860672;342519808;3970195456;31.8;162478219264;347807428608
2026-08-23 19:48:12;Carlos;12.9;7.0;4.5;87.6;84.8;14233837568;2552942592;342519808;3970195456;31.8;162478227456;347807420416
2026-08-23 19:48:15;Carlos;16.3;7.7;9.0;82.7;84.2;14136393728;2650386432;343314432;3969400832;31.8;162478891008;347806756864
2026-08-23 19:48:18;Carlos;15.5;5.9;4.8;88.7;84.2;14134190080;2652590080;343314432;3969400832;31.8;162478964736;347806683136
2026-08-23 19:48:20;Carlos;14.4;7.5;5.4;86.3;84.0;14098624512;2688155648;343314432;3969400832;31.8;162479050752;347806597120
2026-08-23 19:48:23;Carlos;12.7;6.1;3.3;90.2;84.0;14098714624;2688065536;343314432;3969400832;31.8;162479050752;347806597120
2026-08-23 19:48:25;Carlos;13.2;5.2;3.5;90.6;84.0;14097428480;2689351680;343314432;3969400832;31.8;162479050752;347806597120
2026-08-23 19:48:28;Carlos;10.1;7.2;4.9;87.0;84.0;14097842176;2688937984;343314432;3969400832;31.8;162479050752;347806597120
2026-08-23 19:48:30;Carlos;13.2;4.6;3.5;91.0;84.0;14093787136;2692993024;343314432;3969400832;31.8;162479050752;347806597120
2026-08-23 19:48:33;Carlos;12.8;5.6;5.3;87.7;83.9;14089003008;2697777152;343314432;3969400832;31.8;162479050752;347806597120
2026-08-23 19:48:35;Carlos;13.5;5.8;5.8;86.3;83.6;14037295104;2749485056;343314432;3969400832;31.8;162479050752;347806597120
2026-08-23 19:48:38;Carlos;13.1;6.3;5.6;87.1;83.6;14038630400;2748149760;343314432;3969400832;31.8;162479050752;347806597120
2026-08-23 19:48:40;Carlos;13.5;7.5;4.6;86.9;83.7;14043095040;2743685120;343314432;3969400832;31.8;162480922624;347804725248
2026-08-23 19:48:43;Carlos;16.3;6.8;4.9;86.8;83.6;14038044672;2748735488;343314432;3969400832;31.8;162480922624;347804725248
2026-08-23 19:48:45;Carlos;14.7;6.3;5.0;87.8;83.6;14039162880;2747617280;343314432;3969400832;31.8;162480926720;347804721152
2026-08-23 19:48:48;Carlos;15.1;9.1;4.8;84.4;83.6;14038917120;2747863040;343314432;3969400832;31.8;162480934912;347804712960
2026-08-23 19:48:50;Carlos;16.4;10.6;4.1;84.5;83.6;14039199744;2747580416;343314432;3969400832;31.8;162481053696;347804594176
2026-08-23 19:48:53;Carlos;15.8;11.4;4.3;83.5;84.0;14098137088;2688643072;343314432;3969400832;31.8;162481053696;347804594176
2026-08-23 19:48:56;Carlos;17.9;10.2;4.2;84.5;83.9;14091505664;2695274496;343314432;3969400832;31.8;162481119232;347804528640
2026-08-23 19:48:59;Carlos;15.7;8.6;5.4;84.7;83.9;14087946240;2698833920;343314432;3969400832;31.8;162481119232;347804528640
2026-08-23 19:49:01;Carlos;15.8;9.4;5.6;84.0;84.0;14102294528;2684485632;343314432;3969400832;31.8;162481119232;347804528640
2026-08-23 19:49:04;Carlos;15.9;6.4;4.0;88.7;83.9;14088306688;2698473472;343314432;3969400832;31.8;162481119232;347804528640
2026-08-23 19:49:06;Carlos;10.0;7.7;4.9;86.8;83.9;14078914560;2707865600;343314432;3969400832;31.8;162481119232;347804528640
2026-08-23 19:49:10;Carlos;16.3;9.3;5.7;83.9;83.7;14056153088;2730627072;343314432;3969400832;31.8;162481119232;347804528640
2026-08-23 19:49:12;Carlos;13.9;8.0;3.4;88.5;83.7;14055985152;2730795008;343314432;3969400832;31.8;162481123328;347804524544
2026-08-23 19:49:15;Carlos;13.6;6.8;4.3;88.1;83.7;14052831232;2733948928;343314432;3969400832;31.8;162481127424;347804520448
2026-08-23 19:49:17;Carlos;13.8;6.1;4.1;88.9;83.7;14058659840;2728120320;343314432;3969400832;31.8;162481131520;347804516352
2026-08-23 19:49:20;Carlos;18.0;12.1;3.3;83.8;83.8;14060494848;2726285312;343314432;3969400832;31.8;162481131520;347804516352
2026-08-23 19:49:22;Carlos;17.8;11.0;3.4;84.9;83.7;14056984576;2729795584;343314432;3969400832;31.8;162481188864;347804459008
2026-08-23 19:49:25;Carlos;15.3;6.6;4.7;88.0;83.7;14054801408;2731978752;343314432;3969400832;31.8;162481254400;347804393472
2026-08-23 19:49:28;Carlos;12.5;7.6;3.5;88.7;83.7;14055227392;2731552768;343314432;3969400832;31.8;162481254400;347804393472
2026-08-23 19:49:30;Carlos;14.4;6.5;5.3;87.5;83.7;14055514112;2731266048;343314432;3969400832;31.8;162481254400;347804393472
2026-08-23 19:49:33;Carlos;17.4;11.1;5.4;83.4;83.8;14068649984;2718130176;343183360;3969531904;31.8;162481254400;347804393472
2026-08-23 19:49:35;Carlos;12.6;11.6;3.5;84.3;83.7;14058110976;2728669184;343183360;3969531904;31.8;162481254400;347804393472
2026-08-23 19:49:38;Carlos;13.4;10.7;10.6;77.1;83.8;14061150208;2725629952;343183360;3969531904;31.8;162481258496;347804389376
2026-08-23 19:49:40;Carlos;15.4;12.5;10.1;75.9;83.8;14062538752;2724241408;343183360;3969531904;31.8;162481385472;347804262400
2026-08-23 19:49:43;Carlos;24.5;17.6;16.3;65.0;83.5;14024863744;2761916416;343183360;3969531904;31.8;162486448128;347799199744
2026-08-23 19:49:45;Carlos;34.2;6.9;6.3;84.9;83.8;14074875904;2711904256;343183360;3969531904;31.8;162486448128;347799199744
2026-08-23 19:49:48;Carlos;13.1;6.3;6.8;85.3;83.7;14054305792;2732474368;343183360;3969531904;31.8;162486448128;347799199744
2026-08-23 19:49:50;Carlos;12.0;6.4;4.1;88.7;83.6;14035140608;2751639552;343183360;3969531904;31.8;162486448128;347799199744
2026-08-23 19:49:53;Carlos;12.1;6.9;5.2;86.5;83.5;14016983040;2769797120;343183360;3969531904;31.8;162486382592;347799265280
2026-08-23 19:49:55;Carlos;12.1;6.4;4.4;88.4;83.3;13986467840;2800312320;343183360;3969531904;31.8;162486382592;347799265280
2026-08-23 19:49:58;Carlos;19.7;21.1;23.4;53.8;84.7;14222352384;2564427776;337674240;3975041024;31.8;162486497280;347799150592
2026-08-23 19:50:00;Carlos;16.3;5.7;5.8;87.7;85.1;14283636736;2503143424;337674240;3975041024;31.8;162486837248;347798810624
2026-08-23 19:50:03;Carlos;16.1;22.3;12.2;63.8;85.5;14360764416;2426015744;337674240;3975041024;31.8;162486902784;347798745088
2026-08-23 19:50:06;Carlos;21.5;10.6;6.1;82.9;85.7;14379798528;2406981632;337674240;3975041024;31.8;162488287232;347797360640
2026-08-23 19:50:08;Carlos;13.7;6.8;5.9;86.3;85.6;14375043072;2411737088;337674240;3975041024;31.8;162484178944;347801468928
2026-08-23 19:50:11;Carlos;15.7;8.0;6.0;84.7;85.6;14375202816;2411577344;337674240;3975041024;31.8;162484441088;347801206784
2026-08-23 19:50:13;Carlos;16.0;8.3;6.7;84.6;85.6;14374604800;2412175360;337674240;3975041024;31.8;162484670464;347800977408
2026-08-23 19:50:16;Carlos;13.0;8.4;5.6;84.9;85.6;14363918336;2422861824;337674240;3975041024;31.8;162485260288;347800387584
2026-08-23 19:50:18;Carlos;14.1;6.8;8.6;83.5;85.8;14407921664;2378858496;337674240;3975041024;31.8;162485268480;347800379392
2026-08-23 19:50:21;Carlos;12.3;12.1;7.5;79.2;86.0;14431739904;2355040256;337674240;3975041024;31.8;162485211136;347800436736
2026-08-23 19:50:23;Carlos;22.6;22.2;12.2;64.3;86.4;14497656832;2289123328;337674240;3975041024;31.8;162484891648;347800756224
2026-08-23 19:50:26;Carlos;20.2;10.4;5.3;83.8;86.3;14492258304;2294521856;345362432;3967352832;31.8;162484932608;347800715264
2026-08-23 19:50:29;Carlos;19.1;16.3;11.6;70.1;86.5;14528131072;2258649088;345231360;3967483904;31.8;162485075968;347800571904
2026-08-23 19:50:31;Carlos;15.5;4.9;4.6;89.1;86.4;14510288896;2276491264;345231360;3967483904;31.8;162485817344;347799830528
2026-08-23 19:50:34;Carlos;16.3;9.7;6.0;83.5;86.5;14524678144;2262102016;345231360;3967483904;31.8;162485751808;347799896064
2026-08-23 19:50:36;Carlos;32.0;8.1;6.5;84.8;86.6;14537052160;2249728000;345231360;3967483904;31.8;162485784576;347799863296
2026-08-23 19:50:39;Carlos;10.2;9.5;5.4;83.9;86.6;14540947456;2245832704;345231360;3967483904;31.8;162485788672;347799859200
2026-08-23 19:50:41;Carlos;20.5;9.8;4.4;84.9;87.0;14608408576;2178371584;345231360;3967483904;31.8;162485788672;347799859200
2026-08-23 19:50:44;Carlos;18.3;9.2;5.2;84.8;87.3;14652669952;2134110208;345231360;3967483904;31.8;162485792768;347799855104
2026-08-23 19:50:46;Carlos;20.9;4.6;3.0;91.5;87.7;14713614336;2073165824;345231360;3967483904;31.8;162486841344;347798806528
2026-08-23 19:50:49;Carlos;41.7;6.8;4.7;87.4;88.1;14783565824;2003214336;345104384;3967610880;31.8;162486841344;347798806528
2026-08-23 19:50:51;Carlos;17.5;10.7;8.7;79.1;88.0;14764134400;2022645760;345104384;3967610880;31.8;162486841344;347798806528
2026-08-23 19:50:54;Carlos;14.7;8.6;4.5;85.7;87.9;14759743488;2027036672;345104384;3967610880;31.8;162486841344;347798806528
2026-08-23 19:50:56;Carlos;17.4;9.3;5.9;83.4;88.0;14777643008;2009137152;345104384;3967610880;31.8;162486906880;347798740992
2026-08-23 19:50:59;Carlos;58.9;25.5;20.6;52.1;88.0;14765539328;2021240832;344264704;3968450560;31.8;162485727232;347799920640
2026-08-23 19:51:01;Carlos;30.1;14.8;12.5;71.1;86.2;14471671808;2315108352;444407808;3868307456;31.8;162482335744;347803312128
2026-08-23 19:51:04;Carlos;30.5;21.8;17.8;59.5;86.4;14501822464;2284957696;444407808;3868307456;31.8;162480902144;347804745728
2026-08-23 19:51:06;Carlos;18.4;4.1;4.6;90.0;85.8;14407065600;2379714560;444407808;3868307456;31.8;162480975872;347804672000
2026-08-23 19:51:09;Carlos;19.1;6.8;5.9;86.0;85.4;14336086016;2450694144;444407808;3868307456;31.8;162480979968;347804667904
2026-08-23 19:51:11;Carlos;22.4;5.2;5.7;88.3;85.2;14310141952;2476638208;444407808;3868307456;31.8;162481045504;347804602368
2026-08-23 19:51:14;Carlos;12.5;10.1;6.3;82.3;85.2;14307766272;2479013888;444407808;3868307456;31.8;162481111040;347804536832
2026-08-23 19:51:16;Carlos;11.5;7.5;8.4;82.7;85.2;14296203264;2490576896;444407808;3868307456;31.8;162481115136;347804532736
2026-08-23 19:51:19;Carlos;36.0;9.9;6.2;82.7;85.4;14342234112;2444546048;442159104;3870556160;31.8;162484781056;347800866816
2026-08-23 19:51:21;Carlos;49.7;12.6;9.6;75.8;85.9;14416105472;2370674688;442159104;3870556160;31.8;162484805632;347800842240
2026-08-23 19:51:24;Carlos;43.7;11.3;6.9;80.7;85.6;14368800768;2417979392;442159104;3870556160;31.8;162484588544;347801059328
2026-08-23 19:51:26;Carlos;24.2;7.1;5.7;86.6;85.6;14374494208;2412285952;442159104;3870556160;31.8;162484535296;347801112576
2026-08-23 19:51:29;Carlos;16.7;10.4;7.7;80.4;85.2;14299672576;2487107584;442159104;3870556160;31.8;162477916160;347807731712
2026-08-23 19:51:31;Carlos;19.4;11.9;12.2;74.1;85.3;14317449216;2469330944;442159104;3870556160;31.8;162478030848;347807617024
2026-08-23 19:51:34;Carlos;25.6;9.8;7.2;82.0;85.1;14284832768;2501947392;442159104;3870556160;31.8;162478030848;347807617024
2026-08-23 19:51:36;Carlos;14.7;12.2;8.7;78.2;85.1;14279712768;2507067392;442159104;3870556160;31.8;162478063616;347807584256
2026-08-23 19:51:39;Carlos;20.8;10.4;9.2;79.8;85.4;14334668800;2452111360;442159104;3870556160;31.8;162478067712;347807580160
2026-08-23 19:51:41;Carlos;37.5;11.8;11.2;75.8;85.5;14350483456;2436296704;442159104;3870556160;31.8;162478096384;347807551488
2026-08-23 19:51:44;Carlos;23.2;10.0;8.7;80.0;85.5;14358745088;2428035072;442159104;3870556160;31.8;162478096384;347807551488
2026-08-23 19:51:46;Carlos;26.1;7.3;5.9;86.0;85.6;14375723008;2411057152;442159104;3870556160;31.8;162477805568;347807842304
2026-08-23 19:51:49;Carlos;46.6;6.5;7.4;84.4;85.9;14412935168;2373844992;442159104;3870556160;31.8;162478854144;347806793728
2026-08-23 19:51:51;Carlos;41.1;6.1;4.0;88.7;86.0;14431547392;2355232768;442159104;3870556160;31.8;162478854144;347806793728
2026-08-23 19:51:54;Carlos;17.0;29.6;7.5;61.8;85.9;14421467136;2365313024;442159104;3870556160;31.8;162478907392;347806740480
2026-08-23 19:51:56;Carlos;21.5;12.9;3.9;82.6;85.8;14403112960;2383667200;442159104;3870556160;31.8;162479038464;347806609408
2026-08-23 19:51:59;Carlos;34.3;7.0;3.1;88.7;85.8;14396235776;2390544384;441593856;3871121408;31.8;162478981120;347806666752
2026-08-23 19:52:01;Carlos;24.0;12.5;5.9;80.5;85.6;14376910848;2409869312;441327616;3871387648;31.8;162479071232;347806576640
2026-08-23 19:52:04;Carlos;47.9;7.6;5.7;85.1;85.5;14354415616;2432364544;441327616;3871387648;31.8;162479075328;347806572544
2026-08-23 19:52:06;Carlos;25.4;15.7;6.7;76.7;85.4;14339493888;2447286272;441327616;3871387648;31.8;162479144960;347806502912
2026-08-23 19:52:09;Carlos;16.3;11.1;4.5;83.8;85.4;14334894080;2451886080;441327616;3871387648;31.8;162479263744;347806384128
2026-08-23 19:52:11;Carlos;22.0;11.7;5.5;81.9;85.5;14348967936;2437812224;441327616;3871387648;31.8;162479271936;347806375936
2026-08-23 19:52:14;Carlos;30.0;25.7;20.1;51.6;84.4;14166822912;2619957248;474243072;3838472192;31.8;162479292416;347806355456
2026-08-23 19:52:16;Carlos;31.9;8.9;6.0;83.9;83.9;14088454144;2698326016;474243072;3838472192;31.8;162479235072;347806412800
2026-08-23 19:52:19;Carlos;48.9;17.8;28.0;52.4;84.0;14104371200;2682408960;474243072;3838472192;31.8;162479411200;347806236672
2026-08-23 19:52:21;Carlos;29.5;21.7;11.8;64.3;83.9;14077120512;2709659648;474243072;3838472192;31.8;162479411200;347806236672
2026-08-23 19:52:24;Carlos;25.7;12.0;11.4;75.6;83.9;14089515008;2697265152;474243072;3838472192;31.8;162479411200;347806236672
2026-08-23 19:52:26;Carlos;27.5;7.1;4.9;86.3;83.9;14085476352;2701303808;474243072;3838472192;31.8;162479411200;347806236672
